href,title
https://www.seloger.com/annonces/achat/appartement/paris-1er-75/les-halles/251412743.htm?serp_view=list&search=distributionTypes%3DBuy%26locations%3DAD08FR31096#ln=classified_search_results&m=classified_search_results_classified_classified_detail_XL,"Appartement à vendre - Paris 1er - 560 000 € - 2 pièces, 1 chambre, 45 m², Étage 5/6"
https://www.seloger.com/annonces/achat/appartement/paris-12eme-75/nation-picpus/251327513.htm?serp_view=list&search=distributionTypes%3DBuy%26locations%3DAD08FR31096#ln=classified_search_results&m=classified_search_results_classified_classified_detail_XL,"Appartement à vendre - Paris 12ème - 849 000 € - 4 pièces, 2 chambres, 83,5 m², Étage 1/7"
https://www.bellesdemeures.com/251373637/detail.htm,"Appartement à vendre - Paris 18ème - 1 550 000 € - 5 pièces, 4 chambres, 191,9 m², RDC/1"
https://www.seloger.com/annonces/achat/appartement/paris-5eme-75/jardin-des-plantes/251540521.htm?serp_view=list&search=distributionTypes%3DBuy%26locations%3DAD08FR31096#ln=classified_search_results&m=classified_search_results_classified_classified_detail_XL,"Appartement à vendre - Paris 5ème - 620 000 € - 3 pièces, 2 chambres, 51 m², Étage 1/6"
https://www.bellesdemeures.com/251540367/detail.htm,"Duplex à vendre - Paris 16ème - 1 595 000 € - 6 pièces, 4 chambres, 137 m², Étage 3/4"
https://www.bellesdemeures.com/251540209/detail.htm,"Loft à vendre - Paris 6ème - 1 050 000 € - 2 pièces, 1 chambre, 84 m², Étage 4/4"
https://www.bellesdemeures.com/251536335/detail.htm,"Appartement à vendre - Paris 16ème - 1 180 000 € - 4 pièces, 2 chambres, 109 m², Étage 2/7"
https://www.seloger.com/annonces/achat/appartement/paris-18eme-75/goutte-d-or-chateau-rouge/251535709.htm?serp_view=list&search=distributionTypes%3DBuy%26locations%3DAD08FR31096#ln=classified_search_results&m=classified_search_results_classified_classified_detail_XL,"Appartement à vendre - Paris 18ème - 388 900 € - 2 pièces, 1 chambre, 44 m², Étage 1/3"
https://www.seloger.com/annonces/achat/appartement/paris-5eme-75/sorbonne/251533995.htm?serp_view=list&search=distributionTypes%3DBuy%26locations%3DAD08FR31096#ln=classified_search_results&m=classified_search_results_classified_classified_detail_XL,"Appartement à vendre - Paris 5ème - 668 900 € - 2 pièces, 1 chambre, 55 m², Étage 6/8"
https://www.selogerneuf.com/annonces/neuf/programme/vanves-92/219732875/,"Appartement à vendre - Neuf - Vanves - 759 000 € - 4 pièces, 87,1 m², RDC, dès le 01/04/2027"
https://www.seloger.com/annonces/achat/appartement/paris-13eme-75/patay-massena/251533033.htm?serp_view=list&search=distributionTypes%3DBuy%26locations%3DAD08FR31096#ln=classified_search_results&m=classified_search_results_classified_classified_detail_XL,"Appartement à vendre - Paris 13ème - 469 000 € - 2 pièces, 1 chambre, 52 m², Étage 1/6"
https://www.seloger.com/annonces/achat/appartement/paris-12eme-75/nation-picpus/251361839.htm?serp_view=list&search=distributionTypes%3DBuy%26locations%3DAD08FR31096#ln=classified_search_results&m=classified_search_results_classified_classified_detail_XL,"Appartement à vendre - Paris 12ème - 1 400 000 € - 4 pièces, 3 chambres, 101,5 m², Étage 4/9"
https://www.bellesdemeures.com/251309087/detail.htm,"Appartement à vendre - Paris 2ème - 749 000 € - 2 pièces, 1 chambre, 48 m², Étage 2/6"
https://www.seloger.com/annonces/achat/appartement/paris-4eme-75/arsenal/251534367.htm?serp_view=list&search=distributionTypes%3DBuy%26locations%3DAD08FR31096#ln=classified_search_results&m=classified_search_results_classified_classified_detail_XL,"Appartement à vendre - Paris 4ème - 749 900 € - 2 pièces, 1 chambre, 70 m², Étage 1/6"
https://www.seloger.com/annonces/achat/appartement/paris-10eme-75/saint-vincent-de-paul-lariboisiere/251617341.htm?serp_view=list&search=distributionTypes%3DBuy%26locations%3DAD08FR31096#ln=classified_search_results&m=classified_search_results_classified_classified_detail_XL,"Appartement à vendre - Paris 10ème - 215 000 € - 1 pièce, 18 m², RDC/5"
https://www.seloger.com/annonces/achat/appartement/paris-10eme-75/saint-vincent-de-paul-lariboisiere/251615783.htm?serp_view=list&search=distributionTypes%3DBuy%26locations%3DAD08FR31096#ln=classified_search_results&m=classified_search_results_classified_classified_detail_XL,"Appartement à vendre - Paris 10ème - 215 000 € - 2 pièces, 1 chambre, 18 m², Étage 1/5"
https://www.seloger.com/annonces/achat/appartement/paris-12eme-75/aligre-gare-de-lyon/251611323.htm?serp_view=list&search=distributionTypes%3DBuy%26locations%3DAD08FR31096#ln=classified_search_results&m=classified_search_results_classified_classified_detail_XL,"Appartement à vendre - Paris 12ème - 550 000 € - 2 pièces, 1 chambre, 51 m², RDC/5"
https://www.bellesdemeures.com/251532071/detail.htm,"Appartement à vendre - Paris 17ème - 1 000 000 € - 4 pièces, 1 chambre, 74,8 m², Étage 2/6"
https://www.seloger.com/annonces/achat/appartement/paris-6eme-75/saint-germain-des-pres/251229941.htm?serp_view=list&search=distributionTypes%3DBuy%26locations%3DAD08FR31096#ln=classified_search_results&m=classified_search_results_classified_classified_detail_XL,"Appartement à vendre - Paris 6ème - 465 000 € - 2 pièces, 1 chambre, 32 m², Étage 6/2"
https://www.seloger.com/annonces/achat/appartement/paris-11eme-75/nation-alexandre-dumas/251540125.htm?serp_view=list&search=distributionTypes%3DBuy%26locations%3DAD08FR31096#ln=classified_search_results&m=classified_search_results_classified_classified_detail_XL,"Appartement à vendre - Paris 11ème - 499 500 € - 2 pièces, 1 chambre, 46 m², Étage 1/7"
https://www.bellesdemeures.com/228411081/detail.htm,"Appartement à vendre - Paris 8ème - 1 450 000 € - 2 pièces, 1 chambre, 85 m², Étage 1/5"
https://www.seloger.com/annonces/achat/appartement/paris-20eme-75/plaine/251232057.htm?serp_view=list&search=distributionTypes%3DBuy%26locations%3DAD08FR31096#ln=classified_search_results&m=classified_search_results_classified_classified_detail_XL,"Appartement à vendre - Paris 20ème - 550 000 € - 3 pièces, 1 chambre, 86,1 m², Étage 1/12"
https://www.seloger.com/annonces/achat/appartement/paris-11eme-75/leon-blum-folie-regnault/251635359.htm?serp_view=list&search=distributionTypes%3DBuy%26locations%3DAD08FR31096#ln=classified_search_results&m=classified_search_results_classified_classified_detail_XL,"Appartement à vendre - Paris 11ème - 150 000 € - 1 pièce, 14 m², Étage 6/6"
https://www.seloger-bureaux-commerces.com/annonce/detail/direct/210041511,Local d'activités à vendre - Montreuil - 3 000 000 € - 1 150 m² d'espace de stockage
https://www.seloger.com/annonces/achat/appartement/paris-15eme-75/cambronne-garibaldi/251534001.htm?serp_view=list&search=distributionTypes%3DBuy%26locations%3DAD08FR31096#ln=classified_search_results&m=classified_search_results_classified_classified_detail_XL,"Appartement à vendre - Paris 15ème - 450 000 € - 2 pièces, 1 chambre, 45 m², Étage 3/7"
https://www.seloger.com/annonces/achat/appartement/paris-18eme-75/goutte-d-or-chateau-rouge/251533457.htm?serp_view=list&search=distributionTypes%3DBuy%26locations%3DAD08FR31096#ln=classified_search_results&m=classified_search_results_classified_classified_detail_XL,"Appartement à vendre - Paris 18ème - 290 000 € - 2 pièces, 1 chambre, 28 m², Étage 1/4"
https://www.seloger.com/annonces/achat/appartement/paris-18eme-75/clignancourt-jules-joffrin/251276261.htm?serp_view=list&search=distributionTypes%3DBuy%26locations%3DAD08FR31096#ln=classified_search_results&m=classified_search_results_classified_classified_detail_XL,"Appartement à vendre - Paris 18ème - 629 000 € - 4 pièces, 3 chambres, 80 m², Étage 4/10"
https://www.seloger.com/annonces/achat/appartement/paris-20eme-75/telegraphe-pelleport-saint-fargeau/250904639.htm?serp_view=list&search=distributionTypes%3DBuy%26locations%3DAD08FR31096#ln=classified_search_results&m=classified_search_results_classified_classified_detail_XL,"Appartement à vendre - Paris 20ème - 329 000 € - 2 pièces, 1 chambre, 38 m², Étage 2/6"
https://www.seloger.com/annonces/achat/appartement/paris-15eme-75/alleray-procession/251527499.htm?serp_view=list&search=distributionTypes%3DBuy%26locations%3DAD08FR31096#ln=classified_search_results&m=classified_search_results_classified_classified_detail_XL,"Appartement à vendre - Paris 15ème - 460 000 € - 2 pièces, 1 chambre, 43 m², Étage 6/7"
https://www.bellesdemeures.com/251134319/detail.htm,"Appartement à vendre - Paris 17ème - 1 190 000 € - 3 pièces, 1 chambre, 76,7 m², Étage 2/6"
https://www.bellesdemeures.com/251415605/detail.htm,"Appartement à vendre - Paris 8ème - 1 250 000 € - 3 pièces, 2 chambres, 86 m², Étage 2/2"
https://www.seloger.com/annonces/achat/appartement/paris-11eme-75/nation-alexandre-dumas/251617461.htm?serp_view=list&search=distributionTypes%3DBuy%26locations%3DAD08FR31096#ln=classified_search_results&m=classified_search_results_classified_classified_detail_XL,"Appartement à vendre - Paris 11ème - 649 000 € - 2 pièces, 1 chambre, 59 m², Étage 3/6"
https://www.bellesdemeures.com/250894455/detail.htm,"Maison à vendre - Paris 13ème - 1 700 000 € - 6 pièces, 3 chambres, 155,7 m², 42,2 m² de terrain"
https://www.bellesdemeures.com/251134405/detail.htm,"Appartement à vendre - Paris 16ème - 2 490 000 € - 5 pièces, 3 chambres, 147,5 m², Étage 6/7"
https://www.bellesdemeures.com/251312283/detail.htm,"Appartement à vendre - Paris 20ème - 890 000 € - 3 pièces, 2 chambres, 82 m², Étage 3/7"
https://www.seloger.com/annonces/achat/appartement/paris-10eme-75/250589093.htm?serp_view=list&search=distributionTypes%3DBuy%26locations%3DAD08FR31096%26page%3D2#ln=classified_search_results&m=classified_search_results_classified_classified_detail_XL,"Appartement à vendre - Paris 10ème - 660 000 € - 3 pièces, 2 chambres, 63 m², Étage 5/6"
https://www.seloger.com/annonces/achat/appartement/paris-13eme-75/salpetriere-austerlitz/251560505.htm?serp_view=list&search=distributionTypes%3DBuy%26locations%3DAD08FR31096%26page%3D2#ln=classified_search_results&m=classified_search_results_classified_classified_detail_XL,"Appartement à vendre - Paris 13ème - 165 000 € - 1 pièce, 20 m², RDC/5"
https://www.seloger.com/annonces/achat/appartement/paris-4eme-75/saint-merri/251443867.htm?serp_view=list&search=distributionTypes%3DBuy%26locations%3DAD08FR31096%26page%3D2#ln=classified_search_results&m=classified_search_results_classified_classified_detail_XL,"Appartement à vendre - Paris 4ème - 432 000 € - 1 pièce, 1 chambre, 40 m², Étage 2/2"
https://www.seloger.com/annonces/achat/appartement/paris-13eme-75/dunois-bibliotheque-jeanne-d-arc/250912245.htm?serp_view=list&search=distributionTypes%3DBuy%26locations%3DAD08FR31096%26page%3D2#ln=classified_search_results&m=classified_search_results_classified_classified_detail_XL,"Appartement à vendre - Paris 13ème - 415 000 € - 2 pièces, 1 chambre, 37 m², Étage 1/6"
https://www.bellesdemeures.com/251009749/detail.htm,"Appartement à vendre - Paris 17ème - 1 050 000 € - 3 pièces, 1 chambre, 67,6 m², Étage 5/7"
https://www.bellesdemeures.com/251554179/detail.htm,"Appartement à vendre - Paris 9ème - 1 580 000 € - 4 pièces, 2 chambres, 90,1 m², 5ème étage"
https://www.seloger.com/annonces/achat/appartement/montreuil-93/250604271.htm?serp_view=list&search=distributionTypes%3DBuy%26locations%3DAD08FR31096%26page%3D2#ln=classified_search_results&m=classified_search_results_classified_classified_detail_XL,"Duplex à vendre - Montreuil - 449 900 € - 5 pièces, 4 chambres, 115 m², Étage 1/2"
https://www.seloger.com/annonces/achat/appartement/paris-19eme-75/manin-jaures/251640139.htm?serp_view=list&search=distributionTypes%3DBuy%26locations%3DAD08FR31096%26page%3D2#ln=classified_search_results&m=classified_search_results_classified_classified_detail_XL,"Appartement à vendre - Paris 19ème - 839 000 € - 4 pièces, 3 chambres, 97 m², Étage 2/7"
https://www.seloger.com/annonces/achat/appartement/paris-8eme-75/hoche-friedland/250816359.htm?serp_view=list&search=distributionTypes%3DBuy%26locations%3DAD08FR31096%26page%3D2#ln=classified_search_results&m=classified_search_results_classified_classified_detail_XL,"Appartement à vendre - Paris 17ème - 832 000 € - 3 pièces, 1 chambre, 74,7 m², RDC/6"
https://www.seloger.com/annonces/achat/appartement/paris-12eme-75/jardin-de-reuilly/250897287.htm?serp_view=list&search=distributionTypes%3DBuy%26locations%3DAD08FR31096%26page%3D2#ln=classified_search_results&m=classified_search_results_classified_classified_detail_XL,"Appartement à vendre - Paris 12ème - 506 000 € - 2 pièces, 1 chambre, 44 m², Étage 5/6"
https://www.seloger.com/annonces/achat/appartement/paris-5eme-75/val-de-grace/250894439.htm?serp_view=list&search=distributionTypes%3DBuy%26locations%3DAD08FR31096%26page%3D2#ln=classified_search_results&m=classified_search_results_classified_classified_detail_XL,"Appartement à vendre - Paris 5ème - 820 000 € - 2 pièces, 2 chambres, 58 m², Étage 5/6"
https://www.bellesdemeures.com/251229949/detail.htm,"Appartement à vendre - Paris 4ème - 490 000 € - 2 pièces, 1 chambre, 30,2 m², Étage 2/6"
https://www.bellesdemeures.com/251563077/detail.htm,"Appartement à vendre - Paris 16ème - 1 410 000 € - 4 pièces, 2 chambres, 108,4 m², Étage 3/8"
https://www.bellesdemeures.com/251527217/detail.htm,"Appartement à vendre - Neuf - Paris 8ème - 695 000 € - 2 pièces, 1 chambre, 45 m², Étage 6/6"
https://www.seloger.com/annonces/achat/appartement/paris-10eme-75/grange-aux-belles-terrage/251517927.htm?serp_view=list&search=distributionTypes%3DBuy%26locations%3DAD08FR31096%26page%3D2#ln=classified_search_results&m=classified_search_results_classified_classified_detail_XL,"Appartement à vendre - Paris 10ème - 680 000 € - 3 pièces, 2 chambres, 68,4 m², Étage 3/3"
https://www.seloger.com/annonces/achat/appartement/paris-18eme-75/montmartre/251523479.htm?serp_view=list&search=distributionTypes%3DBuy%26locations%3DAD08FR31096%26page%3D2#ln=classified_search_results&m=classified_search_results_classified_classified_detail_XL,"Appartement à vendre - Neuf - Paris 18ème - 689 000 € - 3 pièces, 2 chambres, 52 m², Étage 3/3"
https://www.seloger.com/annonces/achat/appartement/paris-3eme-75/archives/250638827.htm?serp_view=list&search=distributionTypes%3DBuy%26locations%3DAD08FR31096%26page%3D2#ln=classified_search_results&m=classified_search_results_classified_classified_detail_XL,"Appartement à vendre - Paris 3ème - 688 000 € - 3 pièces, 1 chambre, 54,2 m², Étage 6/7"
https://www.seloger.com/annonces/achat/appartement/paris-20eme-75/gambetta/251624053.htm?serp_view=list&search=distributionTypes%3DBuy%26locations%3DAD08FR31096%26page%3D2#ln=classified_search_results&m=classified_search_results_classified_classified_detail_XL,"Appartement à vendre - Paris 20ème - 380 000 € - 2 pièces, 1 chambre, 46 m²"
https://www.seloger.com/annonces/achat/appartement/paris-18eme-75/grandes-carrieres-clichy/251594077.htm?serp_view=list&search=distributionTypes%3DBuy%26locations%3DAD08FR31096%26page%3D2#ln=classified_search_results&m=classified_search_results_classified_classified_detail_XL,"Appartement à vendre - Paris 18ème - 508 000 € - 2 pièces, 1 chambre, 46 m², Étage 2/6"
https://www.bellesdemeures.com/251524387/detail.htm,"Appartement à vendre - Neuf - Paris 16ème - 2 490 000 € - 5 pièces, 3 chambres, 147,1 m², Étage 6/7"
https://www.seloger.com/annonces/achat/appartement/boulogne-billancourt-92/vaillant-sembat/250526703.htm?serp_view=list&search=distributionTypes%3DBuy%26locations%3DAD08FR31096%26page%3D2#ln=classified_search_results&m=classified_search_results_classified_classified_detail_XL,"Appartement à vendre - Boulogne Billancourt - 379 000 € - 2 pièces, 1 chambre, 43 m², Étage 1/6"
https://www.seloger.com/annonces/achat/appartement/paris-18eme-75/clignancourt-jules-joffrin/250219533.htm?serp_view=list&search=distributionTypes%3DBuy%26locations%3DAD08FR31096%26page%3D2#ln=classified_search_results&m=classified_search_results_classified_classified_detail_XL,"Appartement à vendre - Neuf - Paris 18ème - 1 090 000 € - 5 pièces, 4 chambres, 138 m², Étage 1/8"
https://www.seloger.com/annonces/achat/appartement/paris-12eme-75/vallee-de-fecamp/251281179.htm?serp_view=list&search=distributionTypes%3DBuy%26locations%3DAD08FR31096%26page%3D2#ln=classified_search_results&m=classified_search_results_classified_classified_detail_XL,"Appartement à vendre - Paris 12ème - 860 000 € - 5 pièces, 3 chambres, 99 m², Étage 1/6"
https://www.seloger.com/annonces/achat/appartement/paris-12eme-75/jardin-de-reuilly/251458887.htm?serp_view=list&search=distributionTypes%3DBuy%26locations%3DAD08FR31096%26page%3D2#ln=classified_search_results&m=classified_search_results_classified_classified_detail_XL,"Appartement à vendre - Paris 12ème - 465 000 € - 3 pièces, 1 chambre, 48 m², 5 étages"
https://www.seloger.com/annonces/achat/appartement/paris-17eme-75/ternes-maillot/251543129.htm?serp_view=list&search=distributionTypes%3DBuy%26locations%3DAD08FR31096%26page%3D2#ln=classified_search_results&m=classified_search_results_classified_classified_detail_XL,"Appartement à vendre - Paris 17ème - 770 000 € - 3 pièces, 2 chambres, 73 m², Étage 3/6"
https://www.seloger.com/annonces/achat/appartement/paris-8eme-75/251515363.htm?serp_view=list&search=distributionTypes%3DBuy%26locations%3DAD08FR31096%26page%3D2#ln=classified_search_results&m=classified_search_results_classified_classified_detail_XL,"Appartement à vendre - Paris 8ème - 420 000 € - 1 pièce, 27 m², Étage 8/8"
https://www.seloger.com/annonces/achat/appartement/paris-18eme-75/amiraux-simplon-poissonniers/246701053.htm?serp_view=list&search=distributionTypes%3DBuy%26locations%3DAD08FR31096%26page%3D2#ln=classified_search_results&m=classified_search_results_classified_classified_detail_XL,"Appartement à vendre - Paris 18ème - 300 000 € - 2 pièces, 1 chambre, 37 m², Étage 3/5"
https://www.seloger.com/annonces/achat/appartement/paris-18eme-75/amiraux-simplon-poissonniers/251630827.htm?serp_view=list&search=distributionTypes%3DBuy%26locations%3DAD08FR31096%26page%3D2#ln=classified_search_results&m=classified_search_results_classified_classified_detail_XL,"Appartement à vendre - Paris 18ème - 435 000 € - 3 pièces, 2 chambres, 56 m², Étage 3/4"
https://www.bellesdemeures.com/251558427/detail.htm,"Appartement à vendre - Paris 3ème - 1 295 000 € - 2 pièces, 1 chambre, 65,1 m², 1er étage"
https://www.bellesdemeures.com/251195597/detail.htm,"Maison de ville à vendre - Paris 6ème - 5 950 000 € - 6 pièces, 5 chambres, 323,9 m²"
https://www.seloger.com/annonces/achat/appartement/paris-19eme-75/danube-porte-des-lilas/249097359.htm?serp_view=list&search=distributionTypes%3DBuy%26locations%3DAD08FR31096%26page%3D3#ln=classified_search_results&m=classified_search_results_classified_classified_detail_XL,"Appartement à vendre - Paris 19ème - 900 000 € - 4 pièces, 3 chambres, 96 m², Étage 5/13"
https://www.seloger.com/annonces/achat/appartement/paris-11eme-75/belleville-saint-maur/251343949.htm?serp_view=list&search=distributionTypes%3DBuy%26locations%3DAD08FR31096%26page%3D3#ln=classified_search_results&m=classified_search_results_classified_classified_detail_XL,"Appartement à vendre - Paris 11ème - 557 000 € - 2 pièces, 1 chambre, 45,4 m², RDC"
https://www.seloger.com/annonces/achat/appartement/paris-17eme-75/batignolles-cardinet/251558629.htm?serp_view=list&search=distributionTypes%3DBuy%26locations%3DAD08FR31096%26page%3D3#ln=classified_search_results&m=classified_search_results_classified_classified_detail_XL,"Appartement à vendre - Paris 17ème - 515 000 € - 2 pièces, 1 chambre, 44 m², Étage 5/6"
https://www.bellesdemeures.com/251620289/detail.htm,"Appartement à vendre - Paris 3ème - 1 100 000 € - 3 pièces, 2 chambres, 73,2 m², 3ème étage"
https://www.seloger.com/annonces/achat/appartement/paris-19eme-75/flandre-aubervilliers/251624757.htm?serp_view=list&search=distributionTypes%3DBuy%26locations%3DAD08FR31096%26page%3D3#ln=classified_search_results&m=classified_search_results_classified_classified_detail_XL,"Appartement à vendre - Paris 19ème - 530 000 € - 4 pièces, 2 chambres, 145 m², RDC/6"
https://www.bellesdemeures.com/249177451/detail.htm,"Appartement à vendre - Paris 10ème - 1 290 000 € - 5 pièces, 4 chambres, 123 m², Étage 5/6"
https://www.seloger.com/annonces/achat/appartement/paris-17eme-75/courcelles-wagram/251540833.htm?serp_view=list&search=distributionTypes%3DBuy%26locations%3DAD08FR31096%26page%3D3#ln=classified_search_results&m=classified_search_results_classified_classified_detail_XL,"Appartement à vendre - Paris 17ème - 598 000 € - 2 pièces, 1 chambre, 46,6 m², Étage 1/5"
https://www.seloger.com/annonces/achat/appartement/paris-18eme-75/grandes-carrieres-clichy/251602333.htm?serp_view=list&search=distributionTypes%3DBuy%26locations%3DAD08FR31096%26page%3D3#ln=classified_search_results&m=classified_search_results_classified_classified_detail_XL,"Appartement à vendre - Paris 18ème - 845 000 € - 3 pièces, 2 chambres, 69,8 m², Étage 2/6"
https://www.seloger.com/annonces/achat/appartement/neuilly-sur-seine-92/la-plaine-des-sablons/244373083.htm?serp_view=list&search=distributionTypes%3DBuy%26locations%3DAD08FR31096%26page%3D3#ln=classified_search_results&m=classified_search_results_classified_classified_detail_XL,"Appartement à vendre - Neuilly sur Seine - 820 000 € - 3 pièces, 1 chambre, 61 m², Étage 4/6"
https://www.seloger.com/annonces/achat/appartement/paris-18eme-75/amiraux-simplon-poissonniers/249113163.htm?serp_view=list&search=distributionTypes%3DBuy%26locations%3DAD08FR31096%26page%3D3#ln=classified_search_results&m=classified_search_results_classified_classified_detail_XL,"Appartement à vendre - Paris 18ème - 780 000 € - 3 pièces, 2 chambres, 100 m², RDC/4"
https://www.seloger.com/annonces/achat/appartement/paris-18eme-75/la-chapelle-marx-dormoy/250935077.htm?serp_view=list&search=distributionTypes%3DBuy%26locations%3DAD08FR31096%26page%3D3#ln=classified_search_results&m=classified_search_results_classified_classified_detail_XL,"Appartement à vendre - Paris 18ème - 645 000 € - 3 pièces, 2 chambres, 70 m², Étage 3/6"
https://www.bellesdemeures.com/250017607/detail.htm,"Appartement à vendre - Paris 15ème - 1 180 000 € - 4 pièces, 3 chambres, 88 m², RDC/7"
https://www.seloger.com/annonces/achat/appartement/paris-11eme-75/251470541.htm?serp_view=list&search=distributionTypes%3DBuy%26locations%3DAD08FR31096%26page%3D3#ln=classified_search_results&m=classified_search_results_classified_classified_detail_XL,"Duplex à vendre - Paris 11ème - 410 000 € - 2 pièces, 1 chambre, 34 m², Étage 1/2"
https://www.seloger.com/annonces/achat/appartement/paris-11eme-75/belleville-saint-maur/251568329.htm?serp_view=list&search=distributionTypes%3DBuy%26locations%3DAD08FR31096%26page%3D3#ln=classified_search_results&m=classified_search_results_classified_classified_detail_XL,"Appartement à vendre - Paris 11ème - 2 995 000 € - 5 pièces, 4 chambres, 229,9 m², Étage 2/6"
https://www.bellesdemeures.com/251123991/detail.htm,"Appartement à vendre - Paris 7ème - 850 000 € - 3 pièces, 2 chambres, 51,3 m², 5ème étage"
https://www.seloger.com/annonces/achat/appartement/paris-18eme-75/montmartre/251626585.htm?serp_view=list&search=distributionTypes%3DBuy%26locations%3DAD08FR31096%26page%3D3#ln=classified_search_results&m=classified_search_results_classified_classified_detail_XL,"Appartement à vendre - Paris 18ème - 212 500 € - 1 pièce, 16 m², Étage 6/6"
https://www.seloger.com/annonces/achat/appartement/paris-19eme-75/flandre-aubervilliers/251207453.htm?serp_view=list&search=distributionTypes%3DBuy%26locations%3DAD08FR31096%26page%3D3#ln=classified_search_results&m=classified_search_results_classified_classified_detail_XL,"Appartement à vendre - Paris 19ème - 240 000 € - 1 pièce, 28 m², 3ème étage"
https://www.bellesdemeures.com/251291429/detail.htm,"Appartement à vendre - Paris 14ème - 1 155 000 € - 5 pièces, 3 chambres, 109,8 m², Étage 1/7"
https://www.seloger.com/annonces/achat/appartement/paris-18eme-75/goutte-d-or-chateau-rouge/251292671.htm?serp_view=list&search=distributionTypes%3DBuy%26locations%3DAD08FR31096%26page%3D3#ln=classified_search_results&m=classified_search_results_classified_classified_detail_XL,"Duplex à vendre - Paris 18ème - 640 000 € - 3 pièces, 2 chambres, 111 m², 1er étage"
https://www.bellesdemeures.com/251388063/detail.htm,"Appartement à vendre - Paris 6ème - 900 000 € - 2 pièces, 1 chambre, 45 m², Étage 2/6"
https://www.bellesdemeures.com/251278349/detail.htm,"Maison à vendre - Paris 18ème - 5 400 000 € - 9 pièces, 4 chambres, 260,3 m², 13,1 m² de terrain"
https://www.seloger.com/annonces/achat/appartement/paris-14eme-75/jean-moulin-porte-d-orleans/251485159.htm?serp_view=list&search=distributionTypes%3DBuy%26locations%3DAD08FR31096%26page%3D3#ln=classified_search_results&m=classified_search_results_classified_classified_detail_XL,"Duplex à vendre - Paris 14ème - 970 000 € - 3 pièces, 2 chambres, 80,9 m², Étage 1/1"
https://www.seloger.com/annonces/achat/appartement/neuilly-sur-seine-92/ile-de-la-jatte-parc-d-orleans/242517717.htm?serp_view=list&search=distributionTypes%3DBuy%26locations%3DAD08FR31096%26page%3D3#ln=classified_search_results&m=classified_search_results_classified_classified_detail_XL,"Duplex à vendre - Neuilly-sur-Seine - 3 350 000 € - 7 pièces, 4 chambres, 195 m², Étage 4/5"
https://www.seloger.com/annonces/achat/appartement/paris-17eme-75/ternes-maillot/250523753.htm?serp_view=list&search=distributionTypes%3DBuy%26locations%3DAD08FR31096%26page%3D3#ln=classified_search_results&m=classified_search_results_classified_classified_detail_XL,"Appartement à vendre - Paris 17ème - 865 000 € - 3 pièces, 2 chambres, 76,1 m², Étage 2/7"
https://www.seloger.com/annonces/achat/appartement/paris-19eme-75/danube-porte-des-lilas/251539905.htm?serp_view=list&search=distributionTypes%3DBuy%26locations%3DAD08FR31096%26page%3D3#ln=classified_search_results&m=classified_search_results_classified_classified_detail_XL,"Appartement à vendre - Paris 19ème - 329 000 € - 2 pièces, 1 chambre, 38 m², RDC/2"
https://www.seloger.com/annonces/achat/appartement/paris-18eme-75/goutte-d-or-chateau-rouge/251525187.htm?serp_view=list&search=distributionTypes%3DBuy%26locations%3DAD08FR31096%26page%3D3#ln=classified_search_results&m=classified_search_results_classified_classified_detail_XL,"Appartement à vendre - Paris 18ème - 327 000 € - 2 pièces, 1 chambre, 34 m², Étage 3/6"
https://www.bellesdemeures.com/251126237/detail.htm,"Appartement à vendre - Paris 5ème - 995 000 € - 3 pièces, 2 chambres, 68,8 m², Étage 4/6"
https://www.bellesdemeures.com/251123981/detail.htm,"Appartement à vendre - Paris 7ème - 1 100 000 € - 3 pièces, 2 chambres, 60,2 m², Étage 2/6"
https://www.bellesdemeures.com/251049865/detail.htm,"Appartement à vendre - Paris 17ème - 995 000 € - 3 pièces, 2 chambres, 96 m², Étage 4/8"
https://www.bellesdemeures.com/251647045/detail.htm,"Appartement à vendre - Paris 17ème - 1 095 000 € - 4 pièces, 2 chambres, 98,3 m², Étage 2/7"
https://www.seloger.com/annonces/achat/appartement/paris-13eme-75/croulebarbe/251641783.htm?serp_view=list&search=distributionTypes%3DBuy%26locations%3DAD08FR31096%26page%3D3#ln=classified_search_results&m=classified_search_results_classified_classified_detail_XL,"Appartement à vendre - Paris 13ème - 285 000 € - 1 pièce, 26 m², Étage 1/5"
https://www.seloger.com/annonces/achat/appartement/paris-9eme-75/trudaine-maubeuge/251134085.htm?serp_view=list&search=distributionTypes%3DBuy%26locations%3DAD08FR31096%26page%3D4#ln=classified_search_results&m=classified_search_results_classified_classified_detail_XL,"Appartement à vendre - Paris 9ème - 665 000 € - 2 pièces, 1 chambre, 66 m², Étage 1/6"
https://www.seloger.com/annonces/achat/appartement/paris-2eme-75/251134087.htm?serp_view=list&search=distributionTypes%3DBuy%26locations%3DAD08FR31096%26page%3D4#ln=classified_search_results&m=classified_search_results_classified_classified_detail_XL,"Appartement à vendre - Paris 2ème - 480 000 € - 1 pièce, 35 m², Étage 2/6, dès le 10/02/2026"
https://www.seloger.com/annonces/achat/appartement/paris-14eme-75/raspail-montparnasse/250697241.htm?serp_view=list&search=distributionTypes%3DBuy%26locations%3DAD08FR31096%26page%3D4#ln=classified_search_results&m=classified_search_results_classified_classified_detail_XL,"Appartement à vendre - Paris 14ème - 720 000 € - 3 pièces, 2 chambres, 72,6 m², Étage 14/17"
https://www.seloger.com/annonces/achat/appartement/paris-10eme-75/porte-saint-denis-paradis/251131251.htm?serp_view=list&search=distributionTypes%3DBuy%26locations%3DAD08FR31096%26page%3D4#ln=classified_search_results&m=classified_search_results_classified_classified_detail_XL,"Appartement à vendre - Paris 10ème - 580 000 € - 2 pièces, 1 chambre, 58 m², Étage 4/5"
https://www.seloger.com/annonces/achat/appartement/paris-16eme-75/muette-nord/251359711.htm?serp_view=list&search=distributionTypes%3DBuy%26locations%3DAD08FR31096%26page%3D4#ln=classified_search_results&m=classified_search_results_classified_classified_detail_XL,"Appartement à vendre - Paris 16ème - 294 000 € - 2 pièces, 1 chambre, 27,4 m², Étage 5/5"
https://www.bellesdemeures.com/251346639/detail.htm,"Appartement à vendre - Paris 11ème - 895 000 € - 5 pièces, 4 chambres, 90,8 m², Étage 1/1"
https://www.seloger.com/annonces/achat/appartement/paris-15eme-75/citroen-boucicaut/251355659.htm?serp_view=list&search=distributionTypes%3DBuy%26locations%3DAD08FR31096%26page%3D4#ln=classified_search_results&m=classified_search_results_classified_classified_detail_XL,"Appartement à vendre - Paris 15ème - 625 000 € - 3 pièces, 1 chambre, 61 m², Étage 2/6"
https://www.seloger-bureaux-commerces.com/annonce/detail/direct/251301653,"Espace bureau à vendre - Paris 15ème - 1 180 000 € - 183,1 m² de bureaux"
https://www.bellesdemeures.com/250150177/detail.htm,"Appartement à vendre - Paris 16ème - 1 095 000 € - 4 pièces, 2 chambres, 97,3 m², Étage 5/7"
https://www.seloger.com/annonces/achat/appartement/puteaux-92/republique/249749741.htm?serp_view=list&search=distributionTypes%3DBuy%26locations%3DAD08FR31096%26page%3D4#ln=classified_search_results&m=classified_search_results_classified_classified_detail_XL,"Appartement à vendre - Puteaux - 525 000 € - 3 pièces, 2 chambres, 61 m², Étage 2/6"
https://www.bellesdemeures.com/251558337/detail.htm,"Appartement à vendre - Paris 17ème - 1 250 000 € - 5 pièces, 3 chambres, 122,1 m², Étage 2/8"
https://www.bellesdemeures.com/251550193/detail.htm,"Appartement à vendre - Paris 16ème - 1 490 000 € - 5 pièces, 3 chambres, 119,8 m², Étage 5/8"
https://www.seloger.com/annonces/achat/appartement/paris-11eme-75/nation-alexandre-dumas/251122349.htm?serp_view=list&search=distributionTypes%3DBuy%26locations%3DAD08FR31096%26page%3D4#ln=classified_search_results&m=classified_search_results_classified_classified_detail_XL,"Appartement à vendre - Paris 12ème - 750 000 € - 3 pièces, 1 chambre, 70 m², Étage 3/4"
https://www.seloger.com/annonces/achat/appartement/paris-17eme-75/champerret-berthier/251209499.htm?serp_view=list&search=distributionTypes%3DBuy%26locations%3DAD08FR31096%26page%3D4#ln=classified_search_results&m=classified_search_results_classified_classified_detail_XL,"Appartement à vendre - Paris 17ème - 670 000 € - 3 pièces, 2 chambres, 70 m², Étage 4/5"
https://www.seloger.com/annonces/achat/appartement/paris-18eme-75/clignancourt-jules-joffrin/249119501.htm?serp_view=list&search=distributionTypes%3DBuy%26locations%3DAD08FR31096%26page%3D4#ln=classified_search_results&m=classified_search_results_classified_classified_detail_XL,"Appartement à vendre - Neuf - Paris 18ème - 450 000 € - 2 pièces, 1 chambre, 56 m², Étage 1/4"
https://www.seloger.com/annonces/achat/appartement/paris-15eme-75/georges-brassens/251310329.htm?serp_view=list&search=distributionTypes%3DBuy%26locations%3DAD08FR31096%26page%3D4#ln=classified_search_results&m=classified_search_results_classified_classified_detail_XL,"Appartement à vendre - Paris 15ème - 765 000 € - 4 pièces, 1 chambre, 78,1 m², Étage 1/4"
https://www.seloger.com/annonces/achat/appartement/paris-14eme-75/pernety/250220357.htm?serp_view=list&search=distributionTypes%3DBuy%26locations%3DAD08FR31096%26page%3D4#ln=classified_search_results&m=classified_search_results_classified_classified_detail_XL,"Appartement à vendre - Paris 14ème - 710 000 € - 4 pièces, 2 chambres, 67,6 m², Étage 4/7"
https://www.seloger.com/annonces/achat/appartement/paris-18eme-75/goutte-d-or-chateau-rouge/251383049.htm?serp_view=list&search=distributionTypes%3DBuy%26locations%3DAD08FR31096%26page%3D4#ln=classified_search_results&m=classified_search_results_classified_classified_detail_XL,"Appartement à vendre - Paris 18ème - 720 000 € - 3 pièces, 2 chambres, 61,4 m², Étage 1/11"
https://www.seloger.com/annonces/achat/appartement/paris-1er-75/vendome/251351477.htm?serp_view=list&search=distributionTypes%3DBuy%26locations%3DAD08FR31096%26page%3D4#ln=classified_search_results&m=classified_search_results_classified_classified_detail_XL,"Appartement à vendre - Paris 1er - 439 000 € - 1 pièce, 26 m², Étage 2/3"
https://www.seloger.com/annonces/achat/appartement/paris-18eme-75/grandes-carrieres-clichy/251351299.htm?serp_view=list&search=distributionTypes%3DBuy%26locations%3DAD08FR31096%26page%3D4#ln=classified_search_results&m=classified_search_results_classified_classified_detail_XL,"Appartement à vendre - Neuf - Paris 18ème - 545 000 € - 3 pièces, 2 chambres, 50 m², Étage 1/9"
https://www.bellesdemeures.com/250364015/detail.htm,"Appartement à vendre - Paris 15ème - 1 260 000 € - 6 pièces, 3 chambres, 132 m², 2ème étage"
https://www.seloger.com/annonces/achat/appartement/paris-10eme-75/251422917.htm?serp_view=list&search=distributionTypes%3DBuy%26locations%3DAD08FR31096%26page%3D4#ln=classified_search_results&m=classified_search_results_classified_classified_detail_XL,"Appartement à vendre - Paris 10ème - 1 300 000 € - 5 pièces, 3 chambres, 118,8 m², 1er étage"
https://www.seloger.com/annonces/achat/appartement/paris-14eme-75/pernety/251528179.htm?serp_view=list&search=distributionTypes%3DBuy%26locations%3DAD08FR31096%26page%3D4#ln=classified_search_results&m=classified_search_results_classified_classified_detail_XL,"Duplex à vendre - Paris 14ème - 657 000 € - 3 pièces, 2 chambres, 73 m², Étage 1/4"
https://www.seloger.com/annonces/achat/appartement/boulogne-billancourt-92/grenier-point-du-jour/249295877.htm?serp_view=list&search=distributionTypes%3DBuy%26locations%3DAD08FR31096%26page%3D4#ln=classified_search_results&m=classified_search_results_classified_classified_detail_XL,"Appartement à vendre - Boulogne-Billancourt - 499 000 € - 4 pièces, 2 chambres, 68 m², Étage 2/4"
https://www.bellesdemeures.com/251163893/detail.htm,"Maison à vendre - Paris 13ème - 2 392 000 € - 10 pièces, 6 chambres, 355 m², 80 m² de terrain"
https://www.bellesdemeures.com/251274977/detail.htm,"Appartement à vendre - Paris 7ème - 750 000 € - 2 pièces, 1 chambre, 34,8 m², 3ème étage"
https://www.bellesdemeures.com/250783537/detail.htm,"Appartement à vendre - Paris 8ème - 5 575 000 € - 8 pièces, 4 chambres, 233 m², Étage 4/5"
https://www.seloger.com/annonces/achat/appartement/paris-17eme-75/legendre-levis/251554045.htm?serp_view=list&search=distributionTypes%3DBuy%26locations%3DAD08FR31096%26page%3D4#ln=classified_search_results&m=classified_search_results_classified_classified_detail_XL,"Appartement à vendre - Paris 17ème - 560 000 € - 2 pièces, 1 chambre, 47,3 m², Étage 4/6"
https://www.seloger.com/annonces/achat/appartement/paris-6eme-75/251564737.htm?serp_view=list&search=distributionTypes%3DBuy%26locations%3DAD08FR31096%26page%3D4#ln=classified_search_results&m=classified_search_results_classified_classified_detail_XL,"Appartement à vendre - Paris 6ème - 595 000 € - 3 pièces, 2 chambres, 39 m², Étage 6/6"
https://www.seloger.com/annonces/achat/appartement/paris-17eme-75/courcelles-wagram/251254899.htm?serp_view=list&search=distributionTypes%3DBuy%26locations%3DAD08FR31096%26page%3D4#ln=classified_search_results&m=classified_search_results_classified_classified_detail_XL,"Appartement à vendre - Paris 17ème - 680 000 € - 3 pièces, 2 chambres, 61 m², Étage 2/3"
https://www.seloger.com/annonces/achat/appartement/paris-18eme-75/goutte-d-or-chateau-rouge/250857627.htm?serp_view=list&search=distributionTypes%3DBuy%26locations%3DAD08FR31096%26page%3D4#ln=classified_search_results&m=classified_search_results_classified_classified_detail_XL,"Appartement à vendre - Paris 18ème - 388 000 € - 2 pièces, 1 chambre, 44,5 m², Étage 2/8"
https://www.bellesdemeures.com/250783471/detail.htm,"Appartement à vendre - Paris 7ème - 550 000 € - 2 pièces, 1 chambre, 34,3 m², Étage 4/6"
https://www.seloger.com/annonces/achat/appartement/paris-19eme-75/danube-porte-des-lilas/251378395.htm?serp_view=list&search=distributionTypes%3DBuy%26locations%3DAD08FR31096%26page%3D5#ln=classified_search_results&m=classified_search_results_classified_classified_detail_XL,"Appartement à vendre - Paris 19ème - 375 000 € - 3 pièces, 2 chambres, 53 m², Étage 5/10"
https://www.seloger.com/annonces/achat/appartement/paris-15eme-75/pasteur-montparnasse/250854457.htm?serp_view=list&search=distributionTypes%3DBuy%26locations%3DAD08FR31096%26page%3D5#ln=classified_search_results&m=classified_search_results_classified_classified_detail_XL,"Appartement à vendre - Paris 15ème - 768 000 € - 3 pièces, 2 chambres, 58 m², Étage 5/6"
https://www.seloger.com/annonces/achat/appartement/paris-8eme-75/europe/251451739.htm?serp_view=list&search=distributionTypes%3DBuy%26locations%3DAD08FR31096%26page%3D5#ln=classified_search_results&m=classified_search_results_classified_classified_detail_XL,"Appartement à vendre - Paris 8ème - 2 500 000 € - 5 pièces, 3 chambres, 154,1 m², RDC/6"
https://www.seloger.com/annonces/achat/appartement/paris-9eme-75/clichy-trinite/251021413.htm?serp_view=list&search=distributionTypes%3DBuy%26locations%3DAD08FR31096%26page%3D5#ln=classified_search_results&m=classified_search_results_classified_classified_detail_XL,"Appartement à vendre - Paris 9ème - 1 350 000 € - 3 pièces, 3 chambres, 111 m², 2ème étage"
https://www.seloger.com/annonces/achat/appartement/paris-16eme-75/auteuil-sud/251005591.htm?serp_view=list&search=distributionTypes%3DBuy%26locations%3DAD08FR31096%26page%3D5#ln=classified_search_results&m=classified_search_results_classified_classified_detail_XL,"Appartement à vendre - Paris 16ème - 614 000 € - 2 pièces, 1 chambre, 61 m², Étage 7/9"
https://www.seloger.com/annonces/achat/appartement/paris-11eme-75/bastille-popincourt/251103417.htm?serp_view=list&search=distributionTypes%3DBuy%26locations%3DAD08FR31096%26page%3D5#ln=classified_search_results&m=classified_search_results_classified_classified_detail_XL,"Appartement à vendre - Paris 11ème - 490 000 € - 2 pièces, 1 chambre, 43 m², Étage 4/6"
https://www.seloger.com/251626111/detail.htm?serp_view=list&search=distributionTypes%3DBuy%26locations%3DAD08FR31096%26page%3D5#ln=classified_search_results&m=classified_search_results_classified_classified_detail_XL,Local commercial à vendre - Paris 19ème - 530 000 € - 145 m² de surface de vente
https://www.seloger.com/annonces/achat/appartement/paris-18eme-75/amiraux-simplon-poissonniers/250800315.htm?serp_view=list&search=distributionTypes%3DBuy%26locations%3DAD08FR31096%26page%3D5#ln=classified_search_results&m=classified_search_results_classified_classified_detail_XL,"Appartement à vendre - Paris 18ème - 1 145 000 € - 4 pièces, 3 chambres, 110 m², Étage 4/7"
https://www.seloger.com/annonces/achat/appartement/paris-15eme-75/georges-brassens/251349131.htm?serp_view=list&search=distributionTypes%3DBuy%26locations%3DAD08FR31096%26page%3D5#ln=classified_search_results&m=classified_search_results_classified_classified_detail_XL,"Appartement à vendre - Paris 15ème - 770 000 € - 4 pièces, 1 chambre, 79 m², Étage 3/5"
https://www.bellesdemeures.com/249284793/detail.htm,"Appartement à vendre - Boulogne-Billancourt - 1 025 000 € - 5 pièces, 3 chambres, 95 m², Étage 4/5"
https://www.seloger.com/annonces/achat/appartement/paris-10eme-75/251422915.htm?serp_view=list&search=distributionTypes%3DBuy%26locations%3DAD08FR31096%26page%3D5#ln=classified_search_results&m=classified_search_results_classified_classified_detail_XL,"Appartement à vendre - Paris 10ème - 575 000 € - 3 pièces, 2 chambres, 58 m², Étage 4/4"
https://www.seloger.com/annonces/achat/appartement/paris-10eme-75/faubourg-du-temple-hopital-saint-louis/250546351.htm?serp_view=list&search=distributionTypes%3DBuy%26locations%3DAD08FR31096%26page%3D5#ln=classified_search_results&m=classified_search_results_classified_classified_detail_XL,"Appartement à vendre - Paris 11ème - 410 000 € - 2 pièces, 1 chambre, 35,8 m², Étage 1/3"
https://www.seloger.com/annonces/achat/appartement/paris-5eme-75/jardin-des-plantes/250103107.htm?serp_view=list&search=distributionTypes%3DBuy%26locations%3DAD08FR31096%26page%3D5#ln=classified_search_results&m=classified_search_results_classified_classified_detail_XL,"Appartement à vendre - Paris 5ème - 378 000 € - 1 pièce, 26,8 m², Étage 3/4"
https://www.seloger.com/annonces/achat/appartement/paris-6eme-75/saint-germain-des-pres/251121595.htm?serp_view=list&search=distributionTypes%3DBuy%26locations%3DAD08FR31096%26page%3D5#ln=classified_search_results&m=classified_search_results_classified_classified_detail_XL,"Appartement à vendre - Paris 6ème - 750 000 € - 2 pièces, 1 chambre, 51 m², 5ème étage"
https://www.seloger.com/annonces/achat/appartement/paris-11eme-75/251556419.htm?serp_view=list&search=distributionTypes%3DBuy%26locations%3DAD08FR31096%26page%3D5#ln=classified_search_results&m=classified_search_results_classified_classified_detail_XL,"Appartement à vendre - Paris 11ème - 550 000 € - 3 pièces, 2 chambres, 50 m², Étage 1/8"
https://www.bellesdemeures.com/251219917/detail.htm,"Appartement à vendre - Paris 16ème - 4 426 000 € - 8 pièces, 5 chambres, 331 m², Étage 5/6"
https://www.seloger.com/annonces/achat/appartement/paris-18eme-75/montmartre/251209115.htm?serp_view=list&search=distributionTypes%3DBuy%26locations%3DAD08FR31096%26page%3D5#ln=classified_search_results&m=classified_search_results_classified_classified_detail_XL,"Appartement à vendre - Paris 18ème - 399 000 € - 2 pièces, 1 chambre, 38 m², Étage 4/4"
https://www.seloger.com/annonces/achat/appartement/paris-1er-75/les-halles/250712353.htm?serp_view=list&search=distributionTypes%3DBuy%26locations%3DAD08FR31096%26page%3D5#ln=classified_search_results&m=classified_search_results_classified_classified_detail_XL,"Appartement à vendre - Paris 1er - 495 000 € - 2 pièces, 1 chambre, 41 m², Étage 4/5"
https://www.seloger.com/annonces/achat/appartement/paris-19eme-75/danube-porte-des-lilas/250892659.htm?serp_view=list&search=distributionTypes%3DBuy%26locations%3DAD08FR31096%26page%3D5#ln=classified_search_results&m=classified_search_results_classified_classified_detail_XL,"Appartement à vendre - Paris 19ème - 520 000 € - 3 pièces, 2 chambres, 73 m², Étage 14/26"
https://www.bellesdemeures.com/250855803/detail.htm,"Appartement à vendre - Paris 7ème - 1 890 000 € - 4 pièces, 2 chambres, 91,1 m², Étage 7/7"
https://www.seloger.com/annonces/achat/appartement/paris-11eme-75/251472363.htm?serp_view=list&search=distributionTypes%3DBuy%26locations%3DAD08FR31096%26page%3D5#ln=classified_search_results&m=classified_search_results_classified_classified_detail_XL,"Duplex à vendre - Paris 11ème - 870 000 € - 4 pièces, 3 chambres, 72,4 m², Étage 3/3"
https://www.seloger.com/annonces/achat/appartement/paris-9eme-75/trudaine-maubeuge/251047757.htm?serp_view=list&search=distributionTypes%3DBuy%26locations%3DAD08FR31096%26page%3D5#ln=classified_search_results&m=classified_search_results_classified_classified_detail_XL,"Appartement à vendre - Paris 9ème - 679 000 € - 3 pièces, 2 chambres, 55 m², 1er étage"
https://www.bellesdemeures.com/248811751/detail.htm,"Duplex à vendre - Neuilly sur Seine - 2 150 000 € - 5 pièces, 3 chambres, 175 m², RDC/4"
https://www.seloger.com/annonces/achat/appartement/paris-16eme-75/auteuil-nord/251021423.htm?serp_view=list&search=distributionTypes%3DBuy%26locations%3DAD08FR31096%26page%3D5#ln=classified_search_results&m=classified_search_results_classified_classified_detail_XL,"Appartement à vendre - Paris 16ème - 1 250 000 € - 4 pièces, 3 chambres, 110 m², 3ème étage"
https://www.seloger.com/annonces/achat/appartement/paris-11eme-75/leon-blum-folie-regnault/251557145.htm?serp_view=list&search=distributionTypes%3DBuy%26locations%3DAD08FR31096%26page%3D5#ln=classified_search_results&m=classified_search_results_classified_classified_detail_XL,"Appartement à vendre - Paris 11ème - 1 320 000 € - 5 pièces, 4 chambres, 130,1 m², Étage 2/4"
https://www.seloger.com/annonces/achat/appartement/paris-3eme-75/enfants-rouges/251050885.htm?serp_view=list&search=distributionTypes%3DBuy%26locations%3DAD08FR31096%26page%3D5#ln=classified_search_results&m=classified_search_results_classified_classified_detail_XL,"Appartement à vendre - Paris 3ème - 1 060 000 € - 4 pièces, 2 chambres, 78 m², 2ème étage"
https://www.seloger.com/annonces/achat/appartement/paris-17eme-75/courcelles-wagram/245754379.htm?serp_view=list&search=distributionTypes%3DBuy%26locations%3DAD08FR31096%26page%3D5#ln=classified_search_results&m=classified_search_results_classified_classified_detail_XL,"Appartement à vendre - Paris 17ème - 476 000 € - 1 pièce, 42 m², RDC"
https://www.seloger.com/annonces/achat/appartement/paris-13eme-75/patay-massena/251179579.htm?serp_view=list&search=distributionTypes%3DBuy%26locations%3DAD08FR31096%26page%3D5#ln=classified_search_results&m=classified_search_results_classified_classified_detail_XL,"Appartement à vendre - Paris 13ème - 521 000 € - 2 pièces, 1 chambre, 49 m², Étage 1/12"
https://www.seloger.com/annonces/achat/maison/paris-18eme-75/clignancourt-jules-joffrin/250769647.htm?serp_view=list&search=distributionTypes%3DBuy%26locations%3DAD08FR31096%26page%3D5#ln=classified_search_results&m=classified_search_results_classified_classified_detail_XL,"Maison à vendre - Paris 18ème - 1 320 000 € - 3 pièces, 2 chambres, 125 m²"
https://www.seloger.com/annonces/achat/appartement/paris-9eme-75/clichy-trinite/251368605.htm?serp_view=list&search=distributionTypes%3DBuy%26locations%3DAD08FR31096%26page%3D5#ln=classified_search_results&m=classified_search_results_classified_classified_detail_XL,"Duplex à vendre - Paris 9ème - 1 680 000 € - 5 pièces, 4 chambres, 140 m², 2ème étage"
https://www.bellesdemeures.com/251431297/detail.htm,"Loft à vendre - Paris 6ème - 1 260 000 € - 3 pièces, 1 chambre, 71 m², Étage 2/2"
https://www.seloger.com/annonces/achat/appartement/paris-14eme-75/didot-porte-de-vanves/251006349.htm?serp_view=list&search=distributionTypes%3DBuy%26locations%3DAD08FR31096%26page%3D6#ln=classified_search_results&m=classified_search_results_classified_classified_detail_XL,"Appartement à vendre - Paris 14ème - 273 000 € - 2 pièces, 1 chambre, 30 m², RDC/5"
https://www.bellesdemeures.com/251517899/detail.htm,"Appartement à vendre - Paris 12ème - 1 630 000 € - 5 pièces, 3 chambres, 150 m², RDC"
https://www.seloger.com/annonces/achat/appartement/paris-18eme-75/clignancourt-jules-joffrin/250733427.htm?serp_view=list&search=distributionTypes%3DBuy%26locations%3DAD08FR31096%26page%3D6#ln=classified_search_results&m=classified_search_results_classified_classified_detail_XL,"Appartement à vendre - Paris 18ème - 559 000 € - 2 pièces, 1 chambre, 45,8 m², Étage 2/4"
https://www.bellesdemeures.com/250721761/detail.htm,"Duplex à vendre - Neuf - Paris 3ème - 948 000 € - 2 pièces, 1 chambre, 60 m², Étage 3/4"
https://www.bellesdemeures.com/250610231/detail.htm,"Duplex à vendre - Paris 17ème - 1 495 000 € - 3 pièces, 2 chambres, 120 m², 2 étages"
https://www.bellesdemeures.com/251238247/detail.htm,"Hôtel particulier à vendre - Paris 16ème - 4 400 000 € - 9 pièces, 6 chambres, 250,7 m², 88,3 m² de terrain"
https://www.seloger.com/annonces/achat/appartement/paris-17eme-75/batignolles-cardinet/251200359.htm?serp_view=list&search=distributionTypes%3DBuy%26locations%3DAD08FR31096%26page%3D6#ln=classified_search_results&m=classified_search_results_classified_classified_detail_XL,"Appartement à vendre - Paris 18ème - 620 000 € - 2 pièces, 1 chambre, 53 m², Étage 2/5"
https://www.seloger.com/annonces/achat/appartement/paris-20eme-75/telegraphe-pelleport-saint-fargeau/251128757.htm?serp_view=list&search=distributionTypes%3DBuy%26locations%3DAD08FR31096%26page%3D6#ln=classified_search_results&m=classified_search_results_classified_classified_detail_XL,"Appartement à vendre - Paris 20ème - 1 029 000 € - 5 pièces, 3 chambres, 127 m², Étage 8/14"
https://www.seloger.com/annonces/achat/appartement/paris-5eme-75/val-de-grace/251127355.htm?serp_view=list&search=distributionTypes%3DBuy%26locations%3DAD08FR31096%26page%3D6#ln=classified_search_results&m=classified_search_results_classified_classified_detail_XL,"Appartement à vendre - Paris 5ème - 880 000 € - 3 pièces, 2 chambres, 64 m², 1er étage"
https://www.selogerneuf.com/annonces/neuf/programme/aubervilliers-93/236717607/,"Appartement à vendre - Neuf - Aubervilliers - 291 000 € - 3 pièces, 63 m², dès le 30/06/2026"
https://www.bellesdemeures.com/250816977/detail.htm,"Appartement à vendre - Paris 18ème - 1 299 000 € - 4 pièces, 3 chambres, 113 m², Étage 2/7"
https://www.seloger.com/annonces/achat/appartement/paris-3eme-75/arts-et-metiers/250427395.htm?serp_view=list&search=distributionTypes%3DBuy%26locations%3DAD08FR31096%26page%3D6#ln=classified_search_results&m=classified_search_results_classified_classified_detail_XL,"Appartement à vendre - Paris 3ème - 945 000 € - 3 pièces, 2 chambres, 63 m², Étage 5/5"
https://www.seloger.com/annonces/achat/appartement/paris-6eme-75/245422455.htm?serp_view=list&search=distributionTypes%3DBuy%26locations%3DAD08FR31096%26page%3D6#ln=classified_search_results&m=classified_search_results_classified_classified_detail_XL,"Appartement à vendre - Paris 6ème - 760 000 € - 2 pièces, 1 chambre, 32 m², Étage 5/5"
https://www.seloger.com/annonces/achat/appartement/paris-15eme-75/georges-brassens/245375193.htm?serp_view=list&search=distributionTypes%3DBuy%26locations%3DAD08FR31096%26page%3D6#ln=classified_search_results&m=classified_search_results_classified_classified_detail_XL,"Appartement à vendre - Paris 15ème - 514 800 € - 4 pièces, 2 chambres, 52,9 m², Étage 2/6"
https://www.bellesdemeures.com/250802531/detail.htm,"Appartement à vendre - Paris 16ème - 1 495 000 € - 4 pièces, 3 chambres, 106,7 m², RDC/9"
https://www.seloger.com/annonces/achat/appartement/paris-11eme-75/belleville-saint-maur/250423341.htm?serp_view=list&search=distributionTypes%3DBuy%26locations%3DAD08FR31096%26page%3D6#ln=classified_search_results&m=classified_search_results_classified_classified_detail_XL,"Appartement à vendre - Paris 11ème - 368 000 € - 2 pièces, 1 chambre, 29,2 m², Étage 1/6"
https://www.bellesdemeures.com/251431303/detail.htm,"Appartement à vendre - Paris 6ème - 1 260 000 € - 3 pièces, 1 chambre, 71 m², Étage 2/2"
https://www.bellesdemeures.com/251398129/detail.htm,"Appartement à vendre - Paris 7ème - 1 610 000 € - 2 pièces, 1 chambre, 73 m², Étage 6/6"
https://www.bellesdemeures.com/250072213/detail.htm,"Appartement à vendre - Paris 17ème - 2 370 000 € - 7 pièces, 4 chambres, 159,6 m², Étage 3/6"
https://www.seloger-bureaux-commerces.com/annonce/detail/direct/251553489,Local commercial à vendre - Paris 17ème - 335 000 € - 43 m² de surface de vente
https://www.bellesdemeures.com/251551491/detail.htm,"Appartement à vendre - Paris 6ème - 3 600 000 € - 4 pièces, 2 chambres, 122 m², RDC"
https://www.bellesdemeures.com/251544815/detail.htm,"Appartement à vendre - Paris 11ème - 960 000 € - 4 pièces, 2 chambres, 82,4 m², Étage 1/7"
https://www.bellesdemeures.com/251523973/detail.htm,"Appartement à vendre - Paris 8ème - 998 000 € - 4 pièces, 2 chambres, 72,1 m², Étage 2/6"
https://www.selogerneuf.com/annonces/neuf/programme/les-lilas-93/227724511/,"Duplex à vendre - Neuf - Les Lilas - 388 000 € - 2 pièces, 1 chambre, 47,6 m², dès le 30/09/2026"
https://www.seloger.com/annonces/achat/appartement/paris-6eme-75/rennes/250998117.htm?serp_view=list&search=distributionTypes%3DBuy%26locations%3DAD08FR31096%26page%3D6#ln=classified_search_results&m=classified_search_results_classified_classified_detail_XL,"Appartement à vendre - Paris 6ème - 900 000 € - 3 pièces, 2 chambres, 67 m², 1er étage"
https://www.seloger.com/annonces/achat/appartement/paris-18eme-75/montmartre/250624887.htm?serp_view=list&search=distributionTypes%3DBuy%26locations%3DAD08FR31096%26page%3D6#ln=classified_search_results&m=classified_search_results_classified_classified_detail_XL,"Appartement à vendre - Paris 18ème - 405 000 € - 2 pièces, 1 chambre, 37 m², Étage 1/6"
https://www.seloger.com/annonces/achat/appartement/paris-7eme-75/gros-caillou/250207319.htm?serp_view=list&search=distributionTypes%3DBuy%26locations%3DAD08FR31096%26page%3D6#ln=classified_search_results&m=classified_search_results_classified_classified_detail_XL,"Appartement à vendre - Paris 7ème - 525 000 € - 2 pièces, 1 chambre, 35,5 m², RDC/6"
https://www.bellesdemeures.com/250816285/detail.htm,"Duplex à vendre - Paris 3ème - 1 395 000 € - 4 pièces, 3 chambres, 99 m²"
https://www.seloger.com/annonces/achat/appartement/paris-17eme-75/champerret-berthier/250367019.htm?serp_view=list&search=distributionTypes%3DBuy%26locations%3DAD08FR31096%26page%3D6#ln=classified_search_results&m=classified_search_results_classified_classified_detail_XL,"Appartement à vendre - Paris 17ème - 250 000 € - 1 pièce, 22 m², RDC/3"
https://www.bellesdemeures.com/248891711/detail.htm,"Appartement à vendre - Paris 16ème - 1 650 000 € - 4 pièces, 2 chambres, 123,5 m², RDC/6"
https://www.seloger.com/annonces/achat/appartement/paris-3eme-75/enfants-rouges/251259783.htm?serp_view=list&search=distributionTypes%3DBuy%26locations%3DAD08FR31096%26page%3D6#ln=classified_search_results&m=classified_search_results_classified_classified_detail_XL,"Appartement à vendre - Paris 3ème - 538 000 € - 2 pièces, 1 chambre, 39 m², Étage 1/5"
https://www.seloger.com/annonces/achat/appartement/paris-5eme-75/val-de-grace/251254015.htm?serp_view=list&search=distributionTypes%3DBuy%26locations%3DAD08FR31096%26page%3D6#ln=classified_search_results&m=classified_search_results_classified_classified_detail_XL,"Appartement à vendre - Paris 5ème - 299 000 € - 1 pièce, 23 m², 1er étage"
https://www.seloger.com/annonces/achat/appartement/paris-7eme-75/ecole-militaire/250342059.htm?serp_view=list&search=distributionTypes%3DBuy%26locations%3DAD08FR31096%26page%3D7#ln=classified_search_results&m=classified_search_results_classified_classified_detail_XL,"Duplex à vendre - Paris 7ème - 880 000 € - 3 pièces, 2 chambres, 63 m², Étage 3/9"
https://www.seloger.com/annonces/achat/appartement/paris-11eme-75/belleville-saint-maur/249880839.htm?serp_view=list&search=distributionTypes%3DBuy%26locations%3DAD08FR31096%26page%3D7#ln=classified_search_results&m=classified_search_results_classified_classified_detail_XL,"Appartement à vendre - Paris 11ème - 830 000 € - 4 pièces, 2 chambres, 81 m², Étage 4/8"
https://www.seloger.com/annonces/achat/appartement/paris-15eme-75/cambronne-garibaldi/251381681.htm?serp_view=list&search=distributionTypes%3DBuy%26locations%3DAD08FR31096%26page%3D7#ln=classified_search_results&m=classified_search_results_classified_classified_detail_XL,"Appartement à vendre - Paris 15ème - 350 000 € - 2 pièces, 1 chambre, 38,7 m², RDC/9"
https://www.bellesdemeures.com/251276701/detail.htm,"Appartement à vendre - Paris 18ème - 930 000 € - 2 pièces, 1 chambre, 79 m², RDC/2"
https://www.seloger.com/annonces/achat/appartement/paris-9eme-75/trudaine-maubeuge/250853853.htm?serp_view=list&search=distributionTypes%3DBuy%26locations%3DAD08FR31096%26page%3D7#ln=classified_search_results&m=classified_search_results_classified_classified_detail_XL,"Appartement à vendre - Paris 9ème - 620 000 € - 2 pièces, 1 chambre, 48 m², Étage 2/6"
https://www.bellesdemeures.com/250028923/detail.htm,"Appartement à vendre - Paris 2ème - 1 590 000 € - 4 pièces, 2 chambres, 98 m², Étage 2/5"
https://www.bellesdemeures.com/251487861/detail.htm,"Appartement à vendre - Paris 6ème - 1 150 000 € - 3 pièces, 2 chambres, 66 m², Étage 3/5"
https://www.seloger.com/annonces/achat/appartement/paris-11eme-75/republique-saint-ambroise/251392243.htm?serp_view=list&search=distributionTypes%3DBuy%26locations%3DAD08FR31096%26page%3D7#ln=classified_search_results&m=classified_search_results_classified_classified_detail_XL,"Appartement à vendre - Paris 11ème - 499 990 € - 2 pièces, 1 chambre, 53 m², RDC"
https://www.seloger.com/annonces/achat/appartement/paris-15eme-75/alleray-procession/250660355.htm?serp_view=list&search=distributionTypes%3DBuy%26locations%3DAD08FR31096%26page%3D7#ln=classified_search_results&m=classified_search_results_classified_classified_detail_XL,"Appartement à vendre - Paris 15ème - 560 000 € - 3 pièces, 2 chambres, 60 m², Étage 1/8"
https://www.seloger.com/annonces/achat/maison/clichy-92/centre-ville-gambetta/244747033.htm?serp_view=list&search=distributionTypes%3DBuy%26locations%3DAD08FR31096%26page%3D7#ln=classified_search_results&m=classified_search_results_classified_classified_detail_XL,"Maison à vendre - Clichy - 1 395 000 € - 5 pièces, 3 chambres, 149 m²"
https://www.seloger.com/annonces/achat/appartement/paris-12eme-75/aligre-gare-de-lyon/250615155.htm?serp_view=list&search=distributionTypes%3DBuy%26locations%3DAD08FR31096%26page%3D7#ln=classified_search_results&m=classified_search_results_classified_classified_detail_XL,"Appartement à vendre - Paris 12ème - 504 000 € - 2 pièces, 1 chambre, 46 m², Étage 3/6"
https://www.seloger.com/annonces/achat/appartement/paris-18eme-75/grandes-carrieres-clichy/249749905.htm?serp_view=list&search=distributionTypes%3DBuy%26locations%3DAD08FR31096%26page%3D7#ln=classified_search_results&m=classified_search_results_classified_classified_detail_XL,"Appartement à vendre - Paris 18ème - 420 000 € - 2 pièces, 1 chambre, 41 m², Étage 4/6"
https://www.seloger.com/annonces/achat/appartement/paris-12eme-75/aligre-gare-de-lyon/251581087.htm?serp_view=list&search=distributionTypes%3DBuy%26locations%3DAD08FR31096%26page%3D7#ln=classified_search_results&m=classified_search_results_classified_classified_detail_XL,"Appartement à vendre - Paris 12ème - 272 000 € - 1 pièce, 26 m², Étage 1/1"
https://www.bellesdemeures.com/251523617/detail.htm,"Appartement à vendre - Paris 18ème - 349 000 € - 1 pièce, 22 m², Étage 5/6"
https://www.seloger.com/annonces/achat/appartement/paris-3eme-75/arts-et-metiers/251094729.htm?serp_view=list&search=distributionTypes%3DBuy%26locations%3DAD08FR31096%26page%3D7#ln=classified_search_results&m=classified_search_results_classified_classified_detail_XL,"Appartement à vendre - Paris 3ème - 175 000 € - 1 pièce, 14 m², Étage 3/5"
https://www.bellesdemeures.com/251614597/detail.htm,"Appartement à vendre - Paris 3ème - 1 650 000 € - 5 pièces, 3 chambres, 127,1 m², Étage 3/4"
https://www.bellesdemeures.com/251379017/detail.htm,"Appartement à vendre - Paris 6ème - 670 000 € - 2 pièces, 1 chambre, 44 m², 4ème étage"
https://www.bellesdemeures.com/251357291/detail.htm,"Appartement à vendre - Paris 7ème - 1 175 000 € - 4 pièces, 3 chambres, 76 m², Étage 4/6"
https://www.bellesdemeures.com/251356963/detail.htm,"Appartement à vendre - Paris 17ème - 1 109 000 € - 4 pièces, 2 chambres, 85 m², Étage 1/6"
https://www.bellesdemeures.com/251273661/detail.htm,"Appartement à vendre - Paris 1er - 735 000 € - 2 pièces, 1 chambre, 46 m², Étage 2/6"
https://www.bellesdemeures.com/251108297/detail.htm,"Appartement à vendre - Paris 7ème - 1 800 000 € - 2 pièces, 94 m², Étage 2/5"
https://www.bellesdemeures.com/250532313/detail.htm,"Appartement à vendre - Paris 6ème - 1 150 000 € - 2 pièces, 1 chambre, 45 m², Étage 1/6"
https://www.bellesdemeures.com/250005977/detail.htm,"Appartement à vendre - Paris 11ème - 965 000 € - 3 pièces, 2 chambres, 64,2 m², RDC"
https://www.bellesdemeures.com/249088729/detail.htm,"Appartement à vendre - Boulogne-Billancourt - 950 000 € - 4 pièces, 3 chambres, 94,7 m², RDC/2"
https://www.seloger.com/annonces/achat/appartement/paris-10eme-75/249992051.htm?serp_view=list&search=distributionTypes%3DBuy%26locations%3DAD08FR31096%26page%3D7#ln=classified_search_results&m=classified_search_results_classified_classified_detail_XL,"Appartement à vendre - Paris 10ème - 1 310 000 € - 6 pièces, 4 chambres, 138 m², 2ème étage"
https://www.seloger.com/annonces/achat/appartement/paris-1er-75/vendome/249570983.htm?serp_view=list&search=distributionTypes%3DBuy%26locations%3DAD08FR31096%26page%3D7#ln=classified_search_results&m=classified_search_results_classified_classified_detail_XL,"Appartement à vendre - Paris 1er - 1 550 000 € - 3 pièces, 2 chambres, 76,2 m², Étage 1/5"
https://www.bellesdemeures.com/251378439/detail.htm,"Appartement à vendre - Paris 16ème - 6 900 000 € - 6 pièces, 1 chambre, 314 m², Étage 4/6"
https://www.seloger.com/annonces/achat/appartement/paris-11eme-75/belleville-saint-maur/251553063.htm?serp_view=list&search=distributionTypes%3DBuy%26locations%3DAD08FR31096%26page%3D7#ln=classified_search_results&m=classified_search_results_classified_classified_detail_XL,"Appartement à vendre - Paris 11ème - 460 000 € - 2 pièces, 1 chambre, 47 m², Étage 5/6"
https://www.seloger.com/annonces/achat/appartement/paris-16eme-75/muette-nord/251134883.htm?serp_view=list&search=distributionTypes%3DBuy%26locations%3DAD08FR31096%26page%3D7#ln=classified_search_results&m=classified_search_results_classified_classified_detail_XL,"Appartement à vendre - Paris 16ème - 720 000 € - 3 pièces, 1 chambre, 60 m², Étage 3/4"
https://www.seloger.com/annonces/achat/appartement/paris-9eme-75/trudaine-maubeuge/251063471.htm?serp_view=list&search=distributionTypes%3DBuy%26locations%3DAD08FR31096%26page%3D7#ln=classified_search_results&m=classified_search_results_classified_classified_detail_XL,"Appartement à vendre - Paris 9ème - 580 000 € - 2 pièces, 1 chambre, 51 m², Étage 5/6"
https://www.seloger.com/annonces/achat/appartement/paris-16eme-75/auteuil-nord/251191067.htm?serp_view=list&search=distributionTypes%3DBuy%26locations%3DAD08FR31096%26page%3D7#ln=classified_search_results&m=classified_search_results_classified_classified_detail_XL,"Appartement à vendre - Paris 16ème - 949 000 € - 3 pièces, 2 chambres, 89 m², 10 étages"
https://www.bellesdemeures.com/251179819/detail.htm,"Duplex à vendre - Paris 10ème - 1 300 000 € - 4 pièces, 3 chambres, 119 m², RDC/5"
https://www.seloger.com/annonces/achat/appartement/paris-4eme-75/saint-gervais/251299501.htm?serp_view=list&search=distributionTypes%3DBuy%26locations%3DAD08FR31096%26page%3D8#ln=classified_search_results&m=classified_search_results_classified_classified_detail_XL,"Appartement à vendre - Paris 4ème - 700 000 € - 3 pièces, 2 chambres, 48 m², Étage 3/4"
https://www.seloger.com/annonces/achat/appartement/paris-13eme-75/olympiades-choisy/251259191.htm?serp_view=list&search=distributionTypes%3DBuy%26locations%3DAD08FR31096%26page%3D8#ln=classified_search_results&m=classified_search_results_classified_classified_detail_XL,"Appartement à vendre - Paris 13ème - 719 000 € - 5 pièces, 4 chambres, 103,7 m², Étage 1/31"
https://www.bellesdemeures.com/251223885/detail.htm,"Appartement à vendre - Paris 6ème - 2 580 000 € - 6 pièces, 4 chambres, 120,1 m², Étage 3/6"
https://www.seloger.com/annonces/achat/appartement/paris-18eme-75/la-chapelle-marx-dormoy/250372237.htm?serp_view=list&search=distributionTypes%3DBuy%26locations%3DAD08FR31096%26page%3D8#ln=classified_search_results&m=classified_search_results_classified_classified_detail_XL,"Appartement à vendre - Paris 18ème - 618 000 € - 4 pièces, 2 chambres, 85 m², Étage 2/5"
https://www.bellesdemeures.com/251356753/detail.htm,"Appartement à vendre - Paris 5ème - 919 000 € - 3 pièces, 2 chambres, 70 m², Étage 1/6"
https://www.seloger.com/annonces/achat/appartement/paris-16eme-75/auteuil-nord/251447129.htm?serp_view=list&search=distributionTypes%3DBuy%26locations%3DAD08FR31096%26page%3D8#ln=classified_search_results&m=classified_search_results_classified_classified_detail_XL,"Appartement à vendre - Paris 16ème - 1 480 000 € - 4 pièces, 2 chambres, 114 m², Étage 7/8"
https://www.bellesdemeures.com/251343943/detail.htm,"Appartement à vendre - Paris 7ème - 800 000 € - 2 pièces, 1 chambre, 45,5 m², Étage 3/5"
https://www.seloger.com/annonces/achat/appartement/paris-16eme-75/bois-de-boulogne/251462739.htm?serp_view=list&search=distributionTypes%3DBuy%26locations%3DAD08FR31096%26page%3D8#ln=classified_search_results&m=classified_search_results_classified_classified_detail_XL,"Appartement à vendre - Paris 16ème - 529 000 € - 2 pièces, 1 chambre, 45 m², RDC/1"
https://www.seloger.com/annonces/achat/appartement/paris-5eme-75/val-de-grace/250630783.htm?serp_view=list&search=distributionTypes%3DBuy%26locations%3DAD08FR31096%26page%3D8#ln=classified_search_results&m=classified_search_results_classified_classified_detail_XL,"Appartement à vendre - Paris 5ème - 490 000 € - 3 pièces, 2 chambres, 41 m², RDC/5"
https://www.selogerneuf.com/annonces/neuf/programme/saint-ouen-93/249324615/,"Appartement à vendre - Neuf - Saint-Ouen-sur-Seine - 455 000 € - 3 pièces, 2 chambres, 65 m², dès le 30/09/2027"
https://www.bellesdemeures.com/250555969/detail.htm,"Appartement à vendre - Paris 16ème - 4 900 000 € - 7 pièces, 5 chambres, 290,7 m², Étage 4/7"
https://www.seloger.com/annonces/achat/appartement/paris-9eme-75/trudaine-maubeuge/251563951.htm?serp_view=list&search=distributionTypes%3DBuy%26locations%3DAD08FR31096%26page%3D8#ln=classified_search_results&m=classified_search_results_classified_classified_detail_XL,"Appartement à vendre - Paris 18ème - 570 000 € - 3 pièces, 1 chambre, 46,7 m², Étage 6/6"
https://www.seloger.com/annonces/achat/appartement/paris-17eme-75/legendre-levis/251559069.htm?serp_view=list&search=distributionTypes%3DBuy%26locations%3DAD08FR31096%26page%3D8#ln=classified_search_results&m=classified_search_results_classified_classified_detail_XL,"Appartement à vendre - Paris 17ème - 832 000 € - 3 pièces, 2 chambres, 74,7 m², RDC/7"
https://www.seloger.com/annonces/achat/appartement/paris-12eme-75/vallee-de-fecamp/251554235.htm?serp_view=list&search=distributionTypes%3DBuy%26locations%3DAD08FR31096%26page%3D8#ln=classified_search_results&m=classified_search_results_classified_classified_detail_XL,"Appartement à vendre - Paris 12ème - 520 000 € - 3 pièces, 2 chambres, 57 m², 2ème étage"
https://www.bellesdemeures.com/251523653/detail.htm,"Appartement à vendre - Paris 6ème - 980 000 € - 3 pièces, 2 chambres, 61 m², Étage 4/5"
https://www.bellesdemeures.com/251519699/detail.htm,"Duplex à vendre - Paris 16ème - 970 000 € - 5 pièces, 3 chambres, 93,7 m², Étage 3/7"
https://www.bellesdemeures.com/251519691/detail.htm,"Maison à vendre - Paris 16ème - 1 540 000 € - 4 pièces, 3 chambres, 120 m²"
https://www.seloger.com/annonces/achat/appartement/paris-9eme-75/lafayette-richer/251004683.htm?serp_view=list&search=distributionTypes%3DBuy%26locations%3DAD08FR31096%26page%3D8#ln=classified_search_results&m=classified_search_results_classified_classified_detail_XL,"Appartement à vendre - Paris 9ème - 810 000 € - 3 pièces, 2 chambres, 66 m², 3ème étage"
https://www.seloger.com/annonces/achat/appartement/paris-16eme-75/250248777.htm?serp_view=list&search=distributionTypes%3DBuy%26locations%3DAD08FR31096%26page%3D8#ln=classified_search_results&m=classified_search_results_classified_classified_detail_XL,"Appartement à vendre - Paris 16ème - 650 000 € - 2 pièces, 1 chambre, 63 m², 5ème étage"
https://www.seloger.com/annonces/achat/appartement/paris-16eme-75/auteuil-nord/251218983.htm?serp_view=list&search=distributionTypes%3DBuy%26locations%3DAD08FR31096%26page%3D8#ln=classified_search_results&m=classified_search_results_classified_classified_detail_XL,"Appartement à vendre - Paris 16ème - 1 695 000 € - 4 pièces, 2 chambres, 119 m², Étage 3/7"
https://www.seloger.com/annonces/achat/appartement/paris-15eme-75/cambronne-garibaldi/251128611.htm?serp_view=list&search=distributionTypes%3DBuy%26locations%3DAD08FR31096%26page%3D8#ln=classified_search_results&m=classified_search_results_classified_classified_detail_XL,"Appartement à vendre - Paris 15ème - 447 000 € - 2 pièces, 1 chambre, 44,5 m², Étage 1/8"
https://www.seloger.com/annonces/achat/appartement/paris-15eme-75/emeriau-zola/250392587.htm?serp_view=list&search=distributionTypes%3DBuy%26locations%3DAD08FR31096%26page%3D8#ln=classified_search_results&m=classified_search_results_classified_classified_detail_XL,"Appartement à vendre - Paris 15ème - 290 000 € - 1 pièce, 35 m²"
https://www.bellesdemeures.com/234921521/detail.htm,"Appartement à vendre - Paris 7ème - 2 200 000 € - 3 pièces, 1 chambre, 97 m², Étage 1/4"
https://www.selogerneuf.com/annonces/neuf/programme/clichy-92/245578581/,"Appartement à vendre - Neuf - Clichy - 995 000 € - 5 pièces, 110 m², Étage 4/4, dès le 31/12/2028"
https://www.bellesdemeures.com/251223877/detail.htm,"Appartement à vendre - Paris 7ème - 2 580 000 € - 6 pièces, 4 chambres, 120,1 m², Étage 3/6"
https://www.seloger.com/annonces/achat/appartement/paris-75/251381545.htm?serp_view=list&search=distributionTypes%3DBuy%26locations%3DAD08FR31096%26page%3D8#ln=classified_search_results&m=classified_search_results_classified_classified_detail_XL,"Appartement à vendre - Paris 14ème - 326 000 € - 2 pièces, 1 chambre, 29,1 m², Étage 6/6"
https://www.bellesdemeures.com/251276699/detail.htm,"Appartement à vendre - Paris 18ème - 995 000 € - 3 pièces, 2 chambres, 51,5 m², Étage 7/8"
https://www.bellesdemeures.com/251276631/detail.htm,"Appartement à vendre - Paris 18ème - 1 090 000 € - 3 pièces, 2 chambres, 80,2 m², Étage 1/5"
https://www.bellesdemeures.com/251276571/detail.htm,"Appartement à vendre - Paris 9ème - 2 680 000 € - 5 pièces, 4 chambres, 166,5 m², Étage 3/6"
https://www.seloger.com/annonces/achat/appartement/paris-18eme-75/la-chapelle-marx-dormoy/249631541.htm?serp_view=list&search=distributionTypes%3DBuy%26locations%3DAD08FR31096%26page%3D8#ln=classified_search_results&m=classified_search_results_classified_classified_detail_XL,"Appartement à vendre - Paris 18ème - 270 000 € - 2 pièces, 1 chambre, 29 m², Étage 3/6"
https://www.seloger.com/annonces/achat/appartement/paris-17eme-75/251049855.htm?serp_view=list&search=distributionTypes%3DBuy%26locations%3DAD08FR31096%26page%3D8#ln=classified_search_results&m=classified_search_results_classified_classified_detail_XL,"Appartement à vendre - Paris 17ème - 850 000 € - 3 pièces, 2 chambres, 66,1 m², Étage 2/5"
https://www.seloger.com/annonces/achat/appartement/paris-17eme-75/ternes-maillot/251049867.htm?serp_view=list&search=distributionTypes%3DBuy%26locations%3DAD08FR31096%26page%3D8#ln=classified_search_results&m=classified_search_results_classified_classified_detail_XL,"Appartement à vendre - Paris 17ème - 460 000 € - 2 pièces, 1 chambre, 42,8 m², Étage 6/6"
https://www.bellesdemeures.com/250618497/detail.htm,"Appartement à vendre - Paris 8ème - 2 250 000 € - 5 pièces, 4 chambres, 190 m², Étage 1/6"
https://www.seloger.com/annonces/achat/appartement/paris-16eme-75/auteuil-nord/250150165.htm?serp_view=list&search=distributionTypes%3DBuy%26locations%3DAD08FR31096%26page%3D9#ln=classified_search_results&m=classified_search_results_classified_classified_detail_XL,"Appartement à vendre - Paris 16ème - 799 000 € - 2 pièces, 1 chambre, 55,1 m², 7ème étage"
https://www.seloger.com/annonces/achat/appartement/paris-7eme-75/gros-caillou/250035363.htm?serp_view=list&search=distributionTypes%3DBuy%26locations%3DAD08FR31096%26page%3D9#ln=classified_search_results&m=classified_search_results_classified_classified_detail_XL,"Appartement à vendre - Paris 7ème - 845 000 € - 3 pièces, 2 chambres, 67,4 m², Étage 4/6"
https://www.bellesdemeures.com/249758455/detail.htm,"Appartement à vendre - Paris 16ème - 1 260 000 € - 3 pièces, 2 chambres, 70 m², Étage 1/6"
https://www.bellesdemeures.com/251229793/detail.htm,"Appartement à vendre - Paris 5ème - 1 460 000 € - 4 pièces, 2 chambres, 77,2 m², Étage 6/9"
https://www.seloger.com/annonces/achat/appartement/paris-19eme-75/secretan/251229651.htm?serp_view=list&search=distributionTypes%3DBuy%26locations%3DAD08FR31096%26page%3D9#ln=classified_search_results&m=classified_search_results_classified_classified_detail_XL,"Appartement à vendre - Paris 19ème - 670 000 € - 3 pièces, 1 chambre, 57,1 m², Étage 2/7"
https://www.seloger.com/annonces/achat/appartement/paris-7eme-75/251227785.htm?serp_view=list&search=distributionTypes%3DBuy%26locations%3DAD08FR31096%26page%3D9#ln=classified_search_results&m=classified_search_results_classified_classified_detail_XL,"Appartement à vendre - Paris 7ème - 1 295 000 € - 2 pièces, 1 chambre, 60 m², Étage 2/6"
https://www.bellesdemeures.com/251132407/detail.htm,"Appartement à vendre - Paris 15ème - 999 500 € - 4 pièces, 2 chambres, 97,3 m², Étage 3/8"
https://www.seloger.com/annonces/achat/appartement/paris-11eme-75/leon-blum-folie-regnault/250697133.htm?serp_view=list&search=distributionTypes%3DBuy%26locations%3DAD08FR31096%26page%3D9#ln=classified_search_results&m=classified_search_results_classified_classified_detail_XL,"Appartement à vendre - Paris 11ème - 667 900 € - 3 pièces, 2 chambres, 55 m², Étage 2/6"
https://www.selogerneuf.com/annonces/neuf/programme/aubervilliers-93/236970637/,"Appartement à vendre - Neuf - Aubervilliers - 213 638 € - 2 pièces, 1 chambre, 38,6 m², 1er étage"
https://www.seloger.com/annonces/achat/appartement/paris-16eme-75/auteuil-sud/250265709.htm?serp_view=list&search=distributionTypes%3DBuy%26locations%3DAD08FR31096%26page%3D9#ln=classified_search_results&m=classified_search_results_classified_classified_detail_XL,"Appartement à vendre - Paris 16ème - 810 000 € - 3 pièces, 2 chambres, 63,7 m², Étage 8/9"
https://www.seloger.com/annonces/achat/appartement/paris-17eme-75/pereire-malesherbes/249855963.htm?serp_view=list&search=distributionTypes%3DBuy%26locations%3DAD08FR31096%26page%3D9#ln=classified_search_results&m=classified_search_results_classified_classified_detail_XL,"Appartement à vendre - Paris 17ème - 730 000 € - 4 pièces, 2 chambres, 75 m², RDC/1"
https://www.seloger.com/annonces/achat/appartement/paris-6eme-75/saint-germain-des-pres/249291629.htm?serp_view=list&search=distributionTypes%3DBuy%26locations%3DAD08FR31096%26page%3D9#ln=classified_search_results&m=classified_search_results_classified_classified_detail_XL,"Appartement à vendre - Paris 6ème - 649 000 € - 2 pièces, 1 chambre, 43 m², Étage 4/4"
https://www.seloger.com/annonces/achat/appartement/paris-18eme-75/clignancourt-jules-joffrin/249122583.htm?serp_view=list&search=distributionTypes%3DBuy%26locations%3DAD08FR31096%26page%3D9#ln=classified_search_results&m=classified_search_results_classified_classified_detail_XL,"Appartement à vendre - Paris 18ème - 489 000 € - 3 pièces, 2 chambres, 65 m², RDC/6"
https://www.seloger.com/annonces/achat/appartement/paris-16eme-75/251284063.htm?serp_view=list&search=distributionTypes%3DBuy%26locations%3DAD08FR31096%26page%3D9#ln=classified_search_results&m=classified_search_results_classified_classified_detail_XL,"Duplex à vendre - Paris 16ème - 470 000 € - 2 pièces, 1 chambre, 36 m², Étage 5/6"
https://www.seloger.com/annonces/achat/appartement/paris-15eme-75/cambronne-garibaldi/251277803.htm?serp_view=list&search=distributionTypes%3DBuy%26locations%3DAD08FR31096%26page%3D9#ln=classified_search_results&m=classified_search_results_classified_classified_detail_XL,"Appartement à vendre - Paris 15ème - 759 000 € - 3 pièces, 2 chambres, 73 m², Étage 7/10"
https://www.bellesdemeures.com/251276687/detail.htm,"Appartement à vendre - Paris 18ème - 1 050 000 € - 3 pièces, 2 chambres, 126,1 m², 2 étages"
https://www.bellesdemeures.com/251276635/detail.htm,"Appartement à vendre - Paris 9ème - 1 580 000 € - 5 pièces, 3 chambres, 121,3 m², Étage 3/5"
https://www.seloger.com/annonces/achat/appartement/paris-18eme-75/montmartre/251276593.htm?serp_view=list&search=distributionTypes%3DBuy%26locations%3DAD08FR31096%26page%3D9#ln=classified_search_results&m=classified_search_results_classified_classified_detail_XL,"Appartement à vendre - Paris 18ème - 790 000 € - 3 pièces, 1 chambre, 69,6 m², Étage 4/4"
https://www.seloger.com/annonces/achat/appartement/paris-17eme-75/batignolles-cardinet/250801735.htm?serp_view=list&search=distributionTypes%3DBuy%26locations%3DAD08FR31096%26page%3D9#ln=classified_search_results&m=classified_search_results_classified_classified_detail_XL,"Appartement à vendre - Paris 17ème - 744 000 € - 3 pièces, 2 chambres, 55 m², Étage 5/6"
https://www.seloger.com/annonces/achat/appartement/paris-16eme-75/auteuil-nord/250730757.htm?serp_view=list&search=distributionTypes%3DBuy%26locations%3DAD08FR31096%26page%3D9#ln=classified_search_results&m=classified_search_results_classified_classified_detail_XL,"Appartement à vendre - Paris 16ème - 447 000 € - 2 pièces, 1 chambre, 43 m², Étage 2/5"
https://www.seloger.com/annonces/achat/appartement/paris-18eme-75/la-chapelle-marx-dormoy/249927803.htm?serp_view=list&search=distributionTypes%3DBuy%26locations%3DAD08FR31096%26page%3D9#ln=classified_search_results&m=classified_search_results_classified_classified_detail_XL,"Appartement à vendre - Paris 18ème - 550 000 € - 3 pièces, 1 chambre, 68 m², Étage 5/9"
https://www.seloger.com/annonces/achat/appartement/paris-18eme-75/clignancourt-jules-joffrin/251381577.htm?serp_view=list&search=distributionTypes%3DBuy%26locations%3DAD08FR31096%26page%3D9#ln=classified_search_results&m=classified_search_results_classified_classified_detail_XL,"Appartement à vendre - Paris 18ème - 220 000 € - 1 pièce, 24 m², RDC/4"
https://www.selogerneuf.com/annonces/neuf/programme/suresnes-92/229877229/,"Appartement à vendre - Neuf - Suresnes - 569 000 € - 3 pièces, 62,4 m², dès le 30/09/2027"
https://www.bellesdemeures.com/251357285/detail.htm,"Appartement à vendre - Paris 7ème - 978 500 € - 3 pièces, 2 chambres, 72 m², Étage 6/9"
https://www.bellesdemeures.com/251354609/detail.htm,"Appartement à vendre - Paris 3ème - 868 000 € - 2 pièces, 1 chambre, 57 m², Étage 1/1"
https://www.seloger.com/annonces/achat/appartement/paris-16eme-75/porte-dauphine/251351151.htm?serp_view=list&search=distributionTypes%3DBuy%26locations%3DAD08FR31096%26page%3D9#ln=classified_search_results&m=classified_search_results_classified_classified_detail_XL,"Appartement à vendre - Paris 16ème - 1 980 000 € - 5 pièces, 3 chambres, 153 m², Étage 1/6"
https://www.bellesdemeures.com/251305581/detail.htm,"Appartement à vendre - Paris 16ème - 1 400 000 € - 5 pièces, 3 chambres, 102 m², Étage 2/6"
https://www.seloger-bureaux-commerces.com/annonce/detail/direct/251107441,"Local commercial à vendre - Paris 17ème - 1 900 000 € - 201,1 m² de surface de vente"
https://www.seloger.com/annonces/achat/appartement/paris-8eme-75/250052855.htm?serp_view=list&search=distributionTypes%3DBuy%26locations%3DAD08FR31096%26page%3D9#ln=classified_search_results&m=classified_search_results_classified_classified_detail_XL,"Appartement à vendre - Paris 8ème - 845 000 € - 2 pièces, 1 chambre, 52 m², Étage 2/6"
https://www.seloger.com/annonces/achat/appartement/paris-18eme-75/montmartre/251402441.htm?serp_view=list&search=distributionTypes%3DBuy%26locations%3DAD08FR31096%26page%3D9#ln=classified_search_results&m=classified_search_results_classified_classified_detail_XL,"Appartement à vendre - Paris 18ème - 497 000 € - 2 pièces, 1 chambre, 42 m²"
https://www.seloger.com/annonces/achat/appartement/paris-20eme-75/251556479.htm?serp_view=list&search=distributionTypes%3DBuy%26locations%3DAD08FR31096%26page%3D9#ln=classified_search_results&m=classified_search_results_classified_classified_detail_XL,"Appartement à vendre - Paris 20ème - 322 000 € - 1 pièce, 37 m², Étage 1/8"
https://www.seloger.com/annonces/achat/appartement/paris-18eme-75/clignancourt-jules-joffrin/251541121.htm?serp_view=list&search=distributionTypes%3DBuy%26locations%3DAD08FR31096%26page%3D10#ln=classified_search_results&m=classified_search_results_classified_classified_detail_XL,"Appartement à vendre - Paris 18ème - 149 800 € - 1 pièce, 14 m², Étage 6/6"
https://www.seloger.com/annonces/achat/appartement/paris-2eme-75/montorgueil-saint-denis/251532337.htm?serp_view=list&search=distributionTypes%3DBuy%26locations%3DAD08FR31096%26page%3D10#ln=classified_search_results&m=classified_search_results_classified_classified_detail_XL,"Appartement à vendre - Paris 2ème - 545 000 € - 3 pièces, 2 chambres, 50 m², Étage 4/5"
https://www.seloger.com/annonces/achat/appartement/paris-7eme-75/gros-caillou/251519777.htm?serp_view=list&search=distributionTypes%3DBuy%26locations%3DAD08FR31096%26page%3D10#ln=classified_search_results&m=classified_search_results_classified_classified_detail_XL,"Appartement à vendre - Paris 7ème - 890 000 € - 3 pièces, 1 chambre, 50 m², Étage 4/5"
https://www.bellesdemeures.com/251049853/detail.htm,"Appartement à vendre - Paris 8ème - 2 750 000 € - 4 pièces, 2 chambres, 134,3 m², Étage 4/5"
https://www.seloger.com/annonces/achat/appartement/paris-6eme-75/saint-germain-des-pres/250704293.htm?serp_view=list&search=distributionTypes%3DBuy%26locations%3DAD08FR31096%26page%3D10#ln=classified_search_results&m=classified_search_results_classified_classified_detail_XL,"Appartement à vendre - Paris 7ème - 795 000 € - 3 pièces, 1 chambre, 58,9 m², Étage 1/6"
https://www.bellesdemeures.com/250277017/detail.htm,"Appartement à vendre - Paris 4ème - 3 280 000 € - 5 pièces, 3 chambres, 182,2 m², 3ème étage"
https://www.bellesdemeures.com/251630103/detail.htm,"Appartement à vendre - Paris 16ème - 4 350 000 € - 9 pièces, 5 chambres, 366,5 m², Étage 3/7"
https://www.seloger.com/annonces/achat/appartement/paris-10eme-75/faubourg-du-temple-hopital-saint-louis/251608407.htm?serp_view=list&search=distributionTypes%3DBuy%26locations%3DAD08FR31096%26page%3D10#ln=classified_search_results&m=classified_search_results_classified_classified_detail_XL,"Appartement à vendre - Paris 10ème - 420 000 € - 3 pièces, 2 chambres, 38 m², Étage 5/6"
https://www.seloger.com/annonces/achat/appartement/paris-15eme-75/georges-brassens/251231847.htm?serp_view=list&search=distributionTypes%3DBuy%26locations%3DAD08FR31096%26page%3D10#ln=classified_search_results&m=classified_search_results_classified_classified_detail_XL,"Appartement à vendre - Paris 15ème - 559 000 € - 3 pièces, 2 chambres, 73 m², Étage 5/12"
https://www.selogerneuf.com/annonces/neuf/programme/saint-denis-93/214508265/,"Appartement à vendre - Neuf - Saint-Denis - 198 000 € - 2 pièces, 1 chambre, 49,1 m², 10ème étage"
https://www.bellesdemeures.com/251210567/detail.htm,"Maison à vendre - Paris 16ème - 1 540 000 € - 4 pièces, 3 chambres, 116,3 m²"
https://www.bellesdemeures.com/250770165/detail.htm,"Appartement à vendre - Paris 3ème - 975 000 € - 4 pièces, 81,7 m², Étage 2/5"
https://www.bellesdemeures.com/249350069/detail.htm,"Maison à vendre - Paris 14ème - 2 350 000 € - 7 pièces, 4 chambres, 267 m²"
https://www.bellesdemeures.com/245612433/detail.htm,"Appartement à vendre - Paris 17ème - 3 090 000 € - 6 pièces, 4 chambres, 225,3 m², Étage 2/5"
https://www.seloger.com/annonces/achat/appartement/paris-11eme-75/republique-saint-ambroise/251291861.htm?serp_view=list&search=distributionTypes%3DBuy%26locations%3DAD08FR31096%26page%3D10#ln=classified_search_results&m=classified_search_results_classified_classified_detail_XL,"Appartement à vendre - Paris 11ème - 645 000 € - 3 pièces, 1 chambre, 50,5 m², Étage 3/4"
https://www.bellesdemeures.com/251271229/detail.htm,"Appartement à vendre - Paris 7ème - 1 790 000 € - 4 pièces, 2 chambres, 99,4 m², RDC/6"
https://www.bellesdemeures.com/251125693/detail.htm,"Appartement à vendre - Paris 5ème - 750 000 € - 2 pièces, 1 chambre, 43 m², Étage 4/5"
https://www.bellesdemeures.com/249434401/detail.htm,"Appartement à vendre - Paris 10ème - 1 150 000 € - 5 pièces, 4 chambres, 116 m², Étage 4/6"
https://www.bellesdemeures.com/251371363/detail.htm,"Appartement à vendre - Paris 16ème - 2 700 000 € - 3 pièces, 1 chambre, 115,9 m², Étage 9/10"
https://www.seloger.com/annonces/achat/appartement/paris-14eme-75/didot-porte-de-vanves/250430973.htm?serp_view=list&search=distributionTypes%3DBuy%26locations%3DAD08FR31096%26page%3D10#ln=classified_search_results&m=classified_search_results_classified_classified_detail_XL,"Appartement à vendre - Paris 14ème - 280 000 € - 1 pièce, 20 m², Étage 2/4"
https://www.bellesdemeures.com/250023691/detail.htm,"Appartement à vendre - Paris 16ème - 1 757 000 € - 4 pièces, 2 chambres, 91,2 m², Étage 4/10"
https://www.seloger.com/annonces/achat/appartement/paris-16eme-75/chaillot/251501653.htm?serp_view=list&search=distributionTypes%3DBuy%26locations%3DAD08FR31096%26page%3D10#ln=classified_search_results&m=classified_search_results_classified_classified_detail_XL,"Appartement à vendre - Paris 16ème - 850 000 € - 2 pièces, 1 chambre, 58,4 m², Étage 2/7"
https://www.bellesdemeures.com/250626851/detail.htm,"Appartement à vendre - Paris 8ème - 1 980 000 € - 6 pièces, 3 chambres, 144 m², 2ème étage"
https://www.seloger.com/annonces/achat/maison/montreuil-93/ruffins-theophile-sueur-montreau-le-morillon/251186247.htm?serp_view=list&search=distributionTypes%3DBuy%26locations%3DAD08FR31096%26page%3D10#ln=classified_search_results&m=classified_search_results_classified_classified_detail_XL,"Maison de ville à vendre - Montreuil - 750 000 € - 8 pièces, 6 chambres, 240 m², 499 m² de terrain"
https://www.seloger.com/annonces/achat/appartement/paris-11eme-75/republique-saint-ambroise/251553865.htm?serp_view=list&search=distributionTypes%3DBuy%26locations%3DAD08FR31096%26page%3D10#ln=classified_search_results&m=classified_search_results_classified_classified_detail_XL,"Appartement à vendre - Paris 11ème - 597 500 € - 3 pièces, 2 chambres, 50 m², Étage 5/6"
https://www.bellesdemeures.com/250721775/detail.htm,"Appartement à vendre - Paris 1er - 1 580 000 € - 2 pièces, 1 chambre, 52 m², 6ème étage"
https://www.seloger.com/annonces/achat/appartement/paris-16eme-75/auteuil-nord/251219997.htm?serp_view=list&search=distributionTypes%3DBuy%26locations%3DAD08FR31096%26page%3D10#ln=classified_search_results&m=classified_search_results_classified_classified_detail_XL,"Appartement à vendre - Paris 16ème - 710 000 € - 2 pièces, 1 chambre, 62 m², RDC/4"
https://www.seloger.com/annonces/achat/maison/paris-19eme-75/251211687.htm?serp_view=list&search=distributionTypes%3DBuy%26locations%3DAD08FR31096%26page%3D10#ln=classified_search_results&m=classified_search_results_classified_classified_detail_XL,"Maison de ville à vendre - Paris 19ème - 1 590 000 € - 7 pièces, 5 chambres, 290 m², 363 m² de terrain"
https://www.seloger.com/annonces/achat/appartement/paris-16eme-75/muette-sud/248462069.htm?serp_view=list&search=distributionTypes%3DBuy%26locations%3DAD08FR31096%26page%3D10#ln=classified_search_results&m=classified_search_results_classified_classified_detail_XL,"Appartement à vendre - Paris 16ème - 1 650 000 € - 5 pièces, 1 chambre, 115 m², 4ème étage"
https://www.seloger.com/annonces/achat/appartement/paris-16eme-75/muette-nord/244975855.htm?serp_view=list&search=distributionTypes%3DBuy%26locations%3DAD08FR31096%26page%3D10#ln=classified_search_results&m=classified_search_results_classified_classified_detail_XL,"Appartement à vendre - Paris 16ème - 3 780 000 € - 7 pièces, 6 chambres, 247 m², Étage 3/8"
https://www.seloger.com/annonces/achat/appartement/paris-16eme-75/chaillot/240672449.htm?serp_view=list&search=distributionTypes%3DBuy%26locations%3DAD08FR31096%26page%3D10#ln=classified_search_results&m=classified_search_results_classified_classified_detail_XL,"Appartement à vendre - Paris 16ème - 2 600 000 € - 7 pièces, 4 chambres, 200 m², 2 étages"
https://www.bellesdemeures.com/251284335/detail.htm,"Appartement à vendre - Paris 3ème - 1 540 000 € - 5 pièces, 3 chambres, 120,8 m², Étage 6/7"
